index,0,1,2,3,4,5,6,7,8,9,10,11,12,13,14,15,16,17,18,19,20,21,22,23,24
0,1,6,4,12,5,5,3,4,1,67,3,2,1,2,1,0,0,1,0,0,1,0,0,1,Good
1,2,48,2,60,1,3,2,2,1,22,3,1,1,1,1,0,0,1,0,0,1,0,0,1,Bad
2,4,12,4,21,1,4,3,3,1,49,3,1,2,1,1,0,0,1,0,0,1,0,1,0,Good
3,1,42,2,79,1,4,3,4,2,45,3,1,2,1,1,0,0,0,0,0,0,0,0,1,Good
4,1,24,3,49,1,3,3,4,4,53,3,2,2,1,1,1,0,1,0,0,0,0,0,1,Bad
5,4,36,2,91,5,3,3,4,4,35,3,1,2,2,1,0,0,1,0,0,0,0,1,0,Good
6,4,24,2,28,3,5,3,4,2,53,3,1,1,1,1,0,0,1,0,0,1,0,0,1,Good
7,2,36,2,69,1,3,3,2,3,35,3,1,1,2,1,0,1,1,0,1,0,0,0,0,Good
8,4,12,2,31,4,4,1,4,1,61,3,1,1,1,1,0,0,1,0,0,1,0,1,0,Good
9,2,30,4,52,1,1,4,2,3,28,3,2,1,1,1,1,0,1,0,0,1,0,0,0,Bad
10,2,12,2,13,1,2,2,1,3,25,3,1,1,1,1,1,0,1,0,1,0,0,0,1,Bad
11,1,48,2,43,1,2,2,4,2,24,3,1,1,1,1,0,0,1,0,1,0,0,0,1,Bad
12,2,12,2,16,1,3,2,1,3,22,3,1,1,2,1,0,0,1,0,0,1,0,0,1,Good
13,1,24,4,12,1,5,3,4,3,60,3,2,1,1,1,1,0,1,0,0,1,0,1,0,Bad
14,1,15,2,14,1,3,2,4,3,28,3,1,1,1,1,1,0,1,0,1,0,0,0,1,Good
15,1,24,2,13,2,3,2,2,3,32,3,1,1,1,1,0,0,1,0,0,1,0,1,0,Bad
16,4,24,4,24,5,5,3,4,2,53,3,2,1,1,1,0,0,1,0,0,1,0,0,1,Good
17,1,30,0,81,5,2,3,3,3,25,1,3,1,1,1,0,0,1,0,0,1,0,0,1,Good
18,2,24,2,126,1,5,2,2,4,44,3,1,1,2,1,0,1,1,0,0,0,0,0,0,Bad
19,4,24,2,34,3,5,3,2,3,31,3,1,2,2,1,0,0,1,0,0,1,0,0,1,Good
20,4,9,4,21,1,3,3,4,3,48,3,3,1,2,1,1,0,1,0,0,1,0,0,1,Good
21,1,6,2,26,3,3,3,3,1,44,3,1,2,1,1,0,0,1,0,1,0,0,0,1,Good
22,1,10,4,22,1,2,3,3,1,48,3,2,2,1,2,1,0,1,0,1,0,0,1,0,Good
23,2,12,4,18,2,2,3,4,2,44,3,1,1,1,1,0,1,1,0,0,1,0,0,1,Good
24,4,10,4,21,5,3,4,1,3,26,3,2,1,1,2,0,0,1,0,0,1,0,0,1,Good
25,1,6,2,14,1,3,3,2,1,36,1,1,1,2,1,0,0,1,0,0,1,0,1,0,Good
26,4,6,0,4,1,5,4,4,3,39,3,1,1,1,1,0,0,1,0,0,1,0,1,0,Good
27,3,12,1,4,4,3,2,3,1,42,3,2,1,1,1,0,0,1,0,1,0,0,0,1,Good
28,2,7,2,24,1,3,3,2,1,34,3,1,1,1,1,0,0,0,0,0,1,0,0,1,Good
29,1,60,3,68,1,5,3,4,4,63,3,2,1,2,1,0,0,1,0,0,1,0,0,1,Bad
30,2,18,2,19,4,2,4,3,1,36,1,1,1,2,1,0,0,1,0,0,1,0,0,1,Good
31,1,24,2,40,1,3,3,2,3,27,2,1,1,1,1,0,0,1,0,0,1,0,0,1,Good
32,2,18,2,59,2,3,3,2,3,30,3,2,1,2,1,1,0,1,0,0,1,0,0,1,Good
33,4,12,4,13,5,5,3,4,4,57,3,1,1,1,1,0,0,1,0,1,0,0,1,0,Good
34,3,12,2,15,1,2,2,1,2,33,1,1,1,2,1,0,0,1,0,0,1,0,0,0,Good
35,2,45,4,47,1,2,3,2,2,25,3,2,1,1,1,0,0,1,0,0,1,0,1,0,Bad
36,4,48,4,61,1,3,3,3,4,31,1,1,1,2,1,0,0,1,0,0,0,0,0,1,Good
37,3,18,2,21,1,3,3,2,1,37,2,1,1,1,1,0,0,0,1,0,1,0,0,1,Bad
38,3,10,2,12,1,3,3,2,3,37,3,1,1,2,1,0,0,1,0,0,1,0,0,1,Good
39,2,9,2,5,1,3,3,3,1,24,3,1,1,1,1,0,0,1,0,0,1,0,0,1,Good
40,4,30,2,23,3,5,3,2,3,30,1,1,1,1,1,0,0,1,0,0,1,0,0,0,Good
41,2,12,2,12,3,3,1,1,3,26,3,1,1,2,1,0,0,1,0,0,1,0,0,1,Good
42,2,18,3,62,1,3,3,4,1,44,3,1,2,2,1,0,0,1,0,0,1,0,1,0,Good
43,1,30,4,62,2,4,4,4,3,24,3,2,1,1,1,0,1,1,0,1,0,0,0,1,Good
44,1,48,4,61,1,5,2,4,4,58,2,2,1,1,1,0,1,1,0,0,0,0,1,0,Bad
45,4,11,4,14,1,2,2,4,3,35,3,2,1,1,1,1,0,1,0,0,1,0,0,0,Good
46,4,36,2,23,3,5,3,4,3,39,3,1,1,1,1,0,0,1,0,0,1,0,0,1,Good
47,1,6,2,14,3,1,2,2,2,23,3,1,1,2,1,0,1,1,0,1,0,1,0,0,Good
48,4,11,4,72,1,3,3,4,2,39,3,2,1,1,1,1,0,1,0,0,1,0,1,0,Good
49,4,12,2,21,2,3,2,2,1,28,3,1,1,1,1,0,0,0,1,0,1,0,0,1,Good
50,2,24,3,23,5,2,3,2,2,29,1,1,1,1,1,0,0,1,0,0,1,0,1,0,Good
51,2,27,3,60,1,5,3,2,3,30,3,2,1,2,1,0,1,1,0,0,1,0,0,0,Good
52,4,12,2,13,1,3,3,2,3,25,3,1,1,1,1,0,0,1,0,0,1,0,0,1,Good
53,4,18,2,34,5,3,3,1,2,31,3,1,1,2,1,0,1,1,0,0,1,0,0,1,Good
54,2,36,3,22,1,5,3,4,4,57,1,2,1,2,1,1,0,1,0,0,0,0,0,1,Bad
55,4,6,1,8,5,3,3,2,1,26,2,1,2,1,1,1,0,0,0,0,1,0,1,0,Good
56,2,12,2,65,5,1,3,1,4,52,3,1,1,2,1,0,0,1,0,0,1,0,0,0,Bad
57,4,36,4,96,1,3,2,2,3,31,2,2,1,1,1,0,0,1,0,0,1,0,0,1,Good
58,3,18,2,20,1,5,2,2,3,23,3,1,1,1,1,1,0,1,0,0,1,0,0,0,Good
59,1,36,4,62,1,2,2,4,4,23,3,2,1,2,1,0,0,0,1,1,0,0,1,0,Bad
60,2,9,2,14,1,3,4,1,1,27,1,1,1,2,1,0,0,1,0,0,1,0,0,1,Good
61,2,15,4,15,5,5,3,4,1,50,3,2,1,2,1,0,0,0,0,0,1,0,0,1,Good
62,2,36,0,20,1,5,3,4,4,61,3,1,1,2,1,0,0,1,0,0,0,0,0,0,Bad
63,2,48,0,144,1,3,3,2,3,25,3,1,1,2,1,0,0,1,0,0,1,0,0,1,Bad
64,4,24,2,32,1,2,2,4,2,26,3,1,1,2,1,0,0,1,0,0,1,0,0,1,Good
65,4,27,2,52,5,5,3,4,2,48,3,4,2,2,1,0,0,1,0,0,1,0,0,1,Good
66,4,12,2,22,1,2,2,2,3,29,1,1,1,1,1,0,0,1,0,0,1,0,0,1,Good
67,2,12,2,10,4,3,4,1,1,22,3,1,1,1,1,1,0,1,0,0,1,0,0,1,Good
68,4,36,2,18,1,3,3,4,4,37,2,1,1,2,1,0,0,1,0,0,0,0,0,1,Bad
69,4,36,2,24,5,3,2,4,3,25,3,1,1,1,1,0,0,1,0,0,1,0,0,1,Good
70,4,36,2,81,1,3,2,2,2,30,1,1,1,1,1,0,1,1,0,0,1,0,0,1,Good
71,4,7,4,7,5,5,3,2,2,46,3,2,1,2,1,0,0,1,0,1,0,0,1,0,Good
72,1,8,4,12,1,5,3,4,4,51,1,2,2,2,1,0,0,1,0,0,0,0,0,0,Good
73,2,42,4,60,1,4,2,1,1,41,1,2,1,1,1,0,0,1,0,0,1,0,1,0,Good
74,1,36,2,20,5,5,3,4,4,40,3,1,1,2,1,0,0,1,0,0,1,0,0,0,Bad
75,1,12,4,15,1,5,3,4,4,66,3,2,1,1,1,0,1,1,0,0,0,0,0,0,Good
76,1,42,2,40,1,2,3,3,3,34,3,1,1,1,1,0,0,1,0,0,1,0,0,1,Bad
77,2,11,3,48,1,4,3,4,2,51,3,1,1,1,1,0,0,1,0,0,1,0,0,1,Good
78,4,54,0,94,5,3,3,2,2,39,3,1,2,1,1,0,1,1,0,0,1,0,1,0,Good
79,2,30,2,38,1,2,4,1,2,22,3,1,1,1,1,0,0,1,0,0,1,0,0,1,Good
80,4,24,2,59,5,2,2,1,3,44,3,2,1,2,1,0,0,1,0,0,1,0,0,1,Bad
81,4,15,2,12,3,5,3,3,2,47,2,1,1,2,1,0,0,1,0,0,1,0,0,1,Good
82,4,18,2,16,2,3,2,4,2,24,3,1,1,1,1,0,0,1,0,1,0,0,1,0,Good
83,1,24,2,18,1,5,2,4,1,58,3,1,1,2,1,0,0,0,0,0,1,0,1,0,Good
84,1,10,2,23,1,5,3,4,1,52,3,1,1,1,1,0,0,1,0,0,1,0,1,0,Good
85,4,12,4,14,1,3,2,2,1,29,3,2,1,2,1,0,0,0,0,0,1,0,0,0,Good
86,2,18,4,13,1,2,2,1,2,27,3,2,1,1,1,0,0,1,0,0,1,0,0,1,Good
87,2,36,2,126,2,3,3,4,4,47,3,1,2,2,1,0,0,1,0,0,0,0,0,1,Bad
88,1,18,2,22,2,4,3,3,3,30,3,1,2,2,1,1,0,1,0,0,1,0,0,0,Good
89,1,12,0,11,1,4,3,3,1,28,3,2,1,1,1,0,0,1,0,0,1,0,0,1,Bad
90,4,12,4,6,1,5,3,4,1,56,3,1,1,1,1,0,0,1,0,0,1,0,0,1,Good
91,1,12,4,14,1,5,3,3,1,54,3,1,1,1,1,0,1,1,0,0,1,0,0,1,Good
92,4,12,4,8,5,5,2,3,2,33,1,1,2,1,1,0,0,1,0,0,1,0,1,0,Bad
93,3,24,4,36,5,5,3,4,4,20,3,2,1,1,1,0,0,0,1,1,0,0,0,1,Good
94,2,12,2,13,4,5,3,4,1,54,3,1,1,2,1,1,0,1,0,0,1,0,0,1,Good
95,2,54,0,159,1,2,3,4,4,58,3,1,1,2,1,0,0,1,0,1,0,0,0,1,Bad
96,4,12,4,20,5,4,2,2,3,61,3,1,1,1,1,0,0,1,0,0,1,0,0,1,Good
97,2,18,2,26,2,3,3,4,3,34,3,1,1,1,1,0,0,1,0,0,1,0,0,1,Good
98,2,36,4,23,1,5,3,4,1,36,3,1,1,1,1,0,0,1,0,0,1,0,0,1,Good
99,2,20,3,71,5,4,3,4,2,36,1,2,2,2,1,0,1,1,0,1,0,0,0,0,Good
100,4,24,2,15,2,5,4,4,1,41,3,1,1,1,1,1,0,1,0,1,0,0,1,0,Good
101,2,36,2,23,1,4,3,4,3,24,3,1,1,1,1,0,0,1,0,1,0,0,0,1,Good
102,4,6,3,9,1,3,2,2,1,24,3,1,1,1,1,0,0,1,0,0,1,0,0,1,Good
103,2,9,4,19,1,4,3,3,3,35,3,1,1,2,1,0,0,1,0,1,0,0,0,1,Good
104,4,12,2,24,5,2,4,4,3,26,3,1,1,2,1,0,1,1,0,1,0,0,0,1,Good
105,2,24,4,119,1,3,3,3,3,39,3,2,2,2,1,0,0,0,1,0,1,0,0,0,Bad
106,4,18,1,65,1,5,3,4,4,39,1,2,2,2,1,1,0,1,0,0,1,0,0,0,Bad
107,2,12,2,61,1,4,3,2,3,32,3,1,1,1,1,1,0,1,0,0,1,0,0,1,Good
108,1,24,2,77,5,2,2,2,2,30,3,1,1,2,2,0,0,1,0,0,1,0,0,1,Good
109,2,14,2,14,3,5,4,2,1,35,3,1,1,2,1,0,0,1,0,0,1,0,0,1,Good
110,2,6,3,14,2,5,1,2,3,31,1,2,2,1,1,0,0,1,0,0,1,0,0,1,Good
111,3,15,2,4,1,2,2,4,2,23,3,1,1,2,1,0,0,1,0,1,0,0,0,1,Good
112,2,18,2,63,1,4,3,3,1,28,3,1,1,1,1,1,0,1,0,1,0,0,1,0,Good
113,4,36,4,79,1,3,2,2,1,25,2,2,1,2,1,1,0,1,0,0,1,0,0,1,Bad
114,1,12,2,17,3,5,4,1,1,35,3,1,1,1,1,0,0,1,0,0,1,0,0,1,Good
115,4,48,4,36,5,5,3,1,1,47,3,1,1,2,1,0,0,1,0,0,1,0,0,1,Good
116,1,42,2,72,5,4,2,3,3,30,3,1,1,2,1,0,0,1,0,0,1,0,0,0,Bad
117,1,10,4,21,5,2,2,3,1,27,3,2,1,1,2,0,0,0,1,1,0,0,0,1,Good
118,1,33,4,43,3,3,2,4,3,23,3,2,1,1,1,0,0,1,0,0,1,0,0,1,Bad
119,2,12,4,24,3,4,1,3,3,36,3,1,1,2,1,1,0,1,0,0,1,0,0,0,Good
120,1,21,2,18,1,3,2,2,1,25,3,2,1,2,1,0,0,1,0,0,1,0,0,1,Bad
121,4,24,4,39,1,5,2,2,3,41,3,2,1,2,1,0,1,1,0,1,0,0,0,0,Good
122,4,12,2,18,1,3,3,2,1,24,3,1,1,1,1,0,0,1,0,1,0,0,1,0,Good
123,3,10,4,8,1,5,3,4,4,63,3,2,1,2,1,1,0,1,0,0,0,0,0,1,Good
124,2,18,2,19,5,2,2,3,1,27,3,1,1,1,1,0,0,1,0,1,0,0,0,1,Bad
125,1,12,4,21,1,3,3,2,2,30,3,2,1,1,1,1,0,1,0,0,1,0,0,1,Good
126,1,12,2,7,1,3,4,2,1,40,3,1,1,1,1,0,0,1,0,0,1,0,1,0,Good
127,2,12,2,6,1,3,3,2,3,30,3,1,1,1,1,0,0,1,0,0,1,0,0,1,Bad
128,2,12,4,19,1,1,3,2,3,34,3,2,1,2,1,0,1,1,0,0,1,0,0,0,Good
129,1,12,4,35,1,3,2,2,1,29,3,2,1,1,1,1,0,0,1,0,1,0,0,1,Bad
130,2,48,2,85,5,4,2,2,3,24,3,1,1,1,1,1,0,1,0,0,1,0,0,1,Good
131,1,36,3,69,1,3,3,3,2,29,2,1,1,2,1,0,0,1,0,0,1,0,0,1,Bad
132,4,15,2,27,1,2,3,3,2,27,1,2,1,1,1,0,0,1,0,0,1,0,1,0,Good
133,4,18,2,20,1,3,3,4,4,47,1,2,1,1,1,0,0,1,0,0,0,0,0,1,Good
134,4,60,2,101,2,4,2,4,1,21,3,1,1,2,1,0,0,1,0,0,1,0,0,1,Good
135,4,12,4,12,5,5,2,2,1,38,3,2,1,2,1,0,0,1,0,0,1,0,0,1,Good
136,4,27,3,86,4,3,3,2,3,27,3,2,1,1,1,0,1,1,0,0,1,0,0,1,Good
137,2,12,2,8,3,3,3,3,1,66,3,1,1,1,1,0,0,1,0,0,1,0,1,0,Bad
138,2,15,4,27,5,4,3,2,1,35,1,3,1,2,1,0,0,0,0,0,1,0,0,1,Good
139,3,12,2,19,1,3,2,2,3,44,3,1,1,2,1,0,0,1,0,1,0,0,1,0,Good
140,3,6,2,7,4,2,4,2,1,27,3,1,1,1,2,1,0,1,0,0,1,1,0,0,Good
141,2,36,2,48,1,2,2,1,4,30,3,1,1,2,1,0,0,1,0,0,1,0,0,0,Good
142,1,27,2,34,1,3,3,2,3,27,3,1,1,1,1,0,0,1,0,0,1,0,0,0,Good
143,1,18,2,25,1,3,3,2,3,22,3,1,1,1,1,0,0,1,0,0,1,0,0,1,Bad
144,4,21,4,23,1,2,2,4,2,23,3,1,1,2,1,0,0,1,0,0,1,0,0,1,Good
145,2,48,1,36,2,4,3,2,3,30,3,1,1,1,1,0,0,1,0,0,1,0,0,1,Good
146,1,6,4,9,1,5,2,4,4,39,3,2,1,2,1,1,0,1,0,0,1,0,0,1,Good
147,4,12,4,7,2,4,2,3,3,51,3,2,1,2,1,1,0,1,0,0,1,0,0,1,Good
148,1,36,4,54,1,3,3,2,2,28,3,2,1,1,1,0,0,0,0,0,1,0,0,1,Good
149,4,18,4,16,4,5,3,4,3,46,3,2,1,1,1,0,0,1,0,0,1,0,0,1,Good
150,4,6,2,13,2,5,3,4,4,42,1,1,2,2,1,0,0,1,0,0,0,0,0,1,Good
151,4,10,2,19,1,3,3,4,2,38,3,1,1,2,2,0,0,1,0,0,1,0,0,1,Good
152,3,36,2,58,1,3,3,1,3,24,3,1,1,1,1,0,0,1,0,0,1,0,0,1,Good
153,2,24,4,78,4,5,2,4,4,29,3,1,1,1,1,0,1,1,0,1,0,0,0,1,Good
154,2,24,3,70,2,4,3,4,3,36,3,1,1,2,1,0,0,1,0,1,0,0,0,0,Good
155,1,12,2,13,1,3,2,4,3,20,3,1,1,1,1,0,0,1,0,1,0,0,0,1,Bad
156,1,9,4,13,2,5,3,4,1,48,3,2,2,1,2,0,0,0,0,0,1,0,0,1,Good
157,1,12,1,3,1,5,4,1,3,45,1,1,1,1,1,0,0,1,0,0,1,0,1,0,Good
158,2,24,2,35,2,4,3,3,3,38,1,2,1,2,1,1,0,1,0,0,1,0,0,1,Good
159,4,6,4,19,5,3,3,2,1,34,3,2,2,1,1,0,0,1,0,0,1,0,1,0,Good
160,4,24,4,29,2,5,3,4,1,36,3,1,2,2,1,0,0,1,0,0,1,0,0,1,Good
161,4,18,4,11,1,2,2,1,2,30,3,2,1,1,1,1,0,1,0,0,1,0,0,1,Good
162,4,15,2,13,3,4,3,3,2,36,3,2,1,2,1,0,0,1,0,0,1,0,0,1,Good
163,2,10,2,73,1,1,3,4,4,70,1,1,1,2,1,1,0,1,0,0,0,0,0,0,Good
164,4,36,2,9,3,5,3,4,2,36,3,1,1,1,1,1,0,1,0,0,1,0,0,1,Good
165,4,6,2,30,3,3,3,2,3,32,3,1,1,2,1,0,0,1,0,0,1,0,0,1,Good
166,1,18,2,11,1,1,2,2,3,33,3,1,1,1,1,0,0,1,0,0,1,0,0,1,Bad
167,2,11,2,16,4,2,2,1,1,20,3,1,1,1,1,0,0,1,0,0,1,0,0,1,Good
168,4,24,2,40,1,4,2,4,2,25,3,1,1,2,1,0,0,1,0,1,0,0,0,1,Good
169,2,24,4,19,1,5,1,4,1,31,3,2,1,2,1,0,0,1,0,0,1,0,0,1,Bad
170,1,15,0,10,1,5,3,3,3,33,3,2,2,1,1,1,0,1,0,1,0,0,0,1,Bad
171,4,12,2,8,1,3,2,1,1,26,3,1,1,2,1,0,0,1,0,0,1,0,0,1,Good
172,2,24,3,21,1,1,2,2,2,34,3,1,1,2,1,0,0,1,0,0,1,0,0,0,Bad
173,2,8,2,14,1,3,3,2,1,33,3,1,1,1,2,0,0,0,0,0,1,0,0,1,Good
174,1,21,3,34,1,2,3,1,2,26,3,2,1,1,1,0,0,1,0,0,1,0,0,1,Bad
175,4,30,1,75,5,1,2,1,1,53,1,1,1,2,1,0,1,1,0,0,1,0,0,0,Bad
176,1,12,2,26,1,3,1,1,3,42,3,1,1,1,1,0,0,1,0,0,1,0,0,1,Good
177,1,6,4,3,3,5,3,4,3,52,3,2,1,1,1,0,0,1,0,0,1,0,0,1,Good
178,4,12,2,20,1,4,3,2,3,31,3,2,2,2,1,0,0,1,0,1,0,0,0,0,Good
179,1,21,4,6,1,5,3,4,1,65,3,2,1,1,1,1,0,1,0,0,1,0,0,1,Good
180,4,36,3,96,1,2,1,1,3,28,3,2,1,1,1,0,0,1,0,0,1,0,0,1,Bad
181,2,36,3,45,1,3,1,2,1,30,2,2,1,2,1,0,0,1,0,0,1,0,0,0,Bad
182,1,21,1,16,5,3,3,2,2,40,3,2,2,1,1,1,0,1,0,0,1,0,1,0,Bad
183,4,24,4,38,4,3,3,4,1,50,3,1,1,2,1,0,0,1,0,0,1,0,0,1,Good
184,2,18,4,9,1,5,3,4,3,36,1,1,2,2,1,1,0,1,0,0,1,0,0,1,Bad
185,4,15,4,14,1,3,3,2,2,31,3,2,1,1,1,0,0,1,0,0,1,0,0,1,Good
186,2,9,1,51,1,5,2,4,4,74,1,1,2,2,1,0,1,1,0,0,0,0,0,0,Bad
187,2,16,4,12,1,1,3,3,3,68,3,3,1,2,1,1,0,1,0,0,0,1,0,0,Good
188,1,12,2,7,2,4,4,1,2,20,3,1,1,1,1,0,0,1,0,0,1,0,0,1,Bad
189,2,18,0,32,1,3,2,4,3,33,1,2,1,2,1,0,0,1,0,0,1,0,0,1,Good
190,4,24,2,46,4,3,3,3,2,54,3,3,1,2,1,0,0,1,0,0,1,0,0,0,Bad
191,2,48,0,38,2,4,3,4,4,34,3,1,2,1,1,0,0,1,0,0,0,0,1,0,Bad
192,2,27,2,39,1,3,3,2,3,36,3,1,2,2,1,0,0,1,0,0,1,0,0,1,Bad
193,4,6,2,21,1,4,4,2,1,29,3,1,1,1,1,0,0,1,0,1,0,0,0,1,Good
194,2,45,2,30,2,3,3,4,2,21,3,1,1,1,1,0,0,0,0,1,0,0,0,1,Bad
195,2,9,4,15,1,5,2,3,3,34,3,2,1,2,1,0,0,1,0,0,1,0,0,0,Bad
196,4,6,4,14,1,3,2,1,3,28,3,2,1,2,1,0,0,1,0,0,1,0,0,1,Good
197,2,12,2,10,2,2,2,4,3,27,1,4,1,1,1,0,0,1,0,1,0,0,0,1,Bad
198,2,24,2,28,5,5,3,4,4,36,1,1,1,2,1,0,1,1,0,0,0,0,0,1,Good
199,2,18,3,43,1,5,1,3,4,40,3,1,1,2,1,0,0,1,0,0,1,0,0,0,Bad
200,4,9,4,9,3,5,3,2,3,52,3,2,1,2,1,0,0,1,0,0,1,0,0,1,Good
201,1,12,2,12,1,3,4,3,1,27,3,1,1,1,1,1,0,1,0,0,1,0,1,0,Good
202,4,27,3,51,1,4,3,4,3,26,3,2,1,1,1,0,0,1,0,0,1,0,0,1,Good
203,1,12,2,9,1,4,4,4,2,21,3,1,1,1,1,0,0,1,0,1,0,0,0,1,Bad
204,4,12,4,15,1,5,3,1,1,38,3,2,2,1,1,1,0,1,0,0,1,0,1,0,Good
205,1,30,4,106,1,5,3,4,4,38,3,3,2,2,1,0,1,1,0,0,0,0,0,0,Good
206,4,12,4,19,1,5,3,4,1,43,3,3,1,2,1,0,0,1,0,0,1,0,0,1,Good
207,2,12,4,14,1,4,3,3,2,26,3,1,1,1,1,0,0,1,0,0,1,0,0,1,Good
208,1,24,2,66,1,3,4,2,3,21,2,1,1,1,1,0,0,1,0,0,1,0,1,0,Good
209,4,12,2,14,4,4,3,2,2,55,3,1,1,1,2,0,1,1,0,0,1,0,0,1,Good
210,4,9,4,31,5,3,3,2,1,33,3,2,2,1,1,0,0,1,0,0,1,0,0,1,Good
211,4,36,2,38,5,5,2,4,1,45,3,1,1,2,1,0,0,1,0,0,1,0,1,0,Good
212,1,27,0,53,1,1,3,4,2,50,2,2,1,2,1,0,0,1,0,0,1,0,0,1,Bad
213,3,30,3,19,1,5,3,4,1,66,3,1,1,2,1,0,0,1,0,0,1,0,0,0,Bad
214,4,36,4,33,5,5,3,2,3,51,3,1,1,2,1,0,0,1,0,0,1,0,0,1,Good
215,2,6,4,9,5,4,2,3,2,39,3,2,1,1,1,0,0,1,0,0,1,0,1,0,Good
216,1,18,0,31,1,4,3,1,2,31,1,1,1,2,1,0,0,1,0,0,1,0,0,1,Good
217,3,36,2,39,1,3,3,2,1,23,3,1,1,2,1,0,0,1,0,0,1,0,0,1,Good
218,1,24,2,30,1,3,1,2,1,24,3,1,1,1,1,0,0,1,0,1,0,0,1,0,Good
219,4,10,2,14,1,3,2,4,3,64,3,1,1,2,1,1,0,1,0,0,1,0,0,1,Good
220,2,12,2,6,1,2,4,1,1,26,1,1,1,1,1,0,0,0,0,0,1,0,1,0,Good
221,1,12,2,12,5,3,2,4,2,23,1,1,1,2,1,0,0,1,0,1,0,0,0,1,Good
222,4,12,2,7,1,3,3,2,1,30,1,2,1,1,1,0,0,1,0,0,1,0,0,1,Good
223,4,24,3,30,5,3,3,4,1,32,3,2,2,2,1,0,0,1,0,0,1,0,0,1,Good
224,4,15,2,47,1,3,3,2,3,30,3,1,1,2,1,0,1,1,0,0,1,0,0,1,Good
225,4,36,0,26,1,3,3,2,3,27,3,2,1,1,1,0,0,1,0,0,1,0,0,1,Good
226,2,48,2,110,4,4,3,2,4,27,1,2,1,2,1,0,0,0,1,0,1,0,0,1,Bad
227,1,12,2,79,1,5,3,4,4,53,3,1,1,2,1,0,0,1,0,0,0,0,0,0,Bad
228,4,9,2,15,1,4,3,2,3,22,3,1,1,1,1,0,0,1,0,0,1,0,0,1,Bad
229,1,24,2,31,1,2,3,1,4,22,1,1,1,1,1,0,0,1,0,0,0,0,0,1,Good
230,3,36,2,42,1,3,3,2,3,26,3,1,1,1,1,0,0,1,0,0,1,0,0,1,Bad
231,4,9,2,25,3,5,3,4,4,51,3,1,1,1,1,1,0,1,0,0,0,0,1,0,Good
232,4,12,2,21,2,4,3,1,4,35,3,1,1,1,1,0,0,1,0,0,1,0,0,1,Good
233,2,18,2,9,1,3,4,2,1,25,3,1,1,1,1,0,0,0,0,0,1,0,1,0,Good
234,4,4,4,15,1,4,3,1,1,42,3,3,2,1,1,0,0,1,0,0,1,0,1,0,Good
235,1,24,2,18,1,1,3,2,3,30,2,1,2,1,1,0,0,1,0,0,1,0,0,0,Bad
236,2,6,2,146,5,1,3,2,2,23,3,1,1,2,1,1,0,1,0,0,1,1,0,0,Bad
237,2,21,2,28,2,5,1,2,3,61,1,2,1,1,1,0,0,1,0,1,0,0,1,0,Bad
238,4,12,4,13,1,3,2,2,2,35,3,2,1,1,1,0,0,1,0,0,1,0,0,1,Good
239,1,30,2,25,1,5,3,3,2,39,3,1,2,1,1,0,0,0,0,0,1,0,0,1,Good
240,1,24,2,9,5,5,2,2,3,29,1,1,1,1,1,1,0,1,0,0,1,0,0,1,Bad
241,4,6,2,16,1,4,3,2,2,51,3,1,2,1,1,0,0,1,0,0,1,0,0,1,Good
242,1,48,0,46,1,5,3,4,4,24,3,2,2,1,1,0,1,1,0,0,0,0,0,1,Bad
243,4,12,4,12,1,3,2,2,1,27,3,2,1,1,1,0,0,1,0,0,1,0,0,1,Good
244,4,12,1,34,3,3,2,3,1,35,3,1,2,1,1,0,0,1,0,0,1,0,1,0,Good
245,4,24,2,13,1,4,3,1,1,25,3,1,1,2,1,0,0,1,0,0,1,0,0,1,Good
246,4,12,4,7,1,5,3,4,1,52,3,3,1,1,1,0,0,1,0,0,1,0,0,1,Good
247,4,6,0,12,2,3,3,1,4,35,1,1,1,1,2,1,0,1,0,1,0,0,0,1,Good
248,3,24,2,19,1,3,3,2,1,26,3,1,1,1,1,0,0,1,0,0,1,0,0,1,Good
249,4,18,2,4,1,1,2,4,1,22,3,1,1,1,1,0,0,0,1,1,0,0,0,1,Bad
250,1,6,4,7,4,4,2,4,1,39,3,2,1,2,1,1,0,1,0,0,1,0,1,0,Good
251,3,12,2,23,1,3,2,2,3,46,3,1,1,1,1,0,0,1,0,0,1,0,1,0,Good
252,2,30,2,22,1,3,2,2,4,24,1,1,1,1,1,1,0,0,0,0,1,0,0,1,Bad
253,4,24,3,42,2,3,3,3,2,35,3,2,1,1,1,0,0,1,0,0,1,0,0,1,Good
254,2,9,2,20,5,4,3,1,3,24,3,1,1,2,1,0,0,1,0,0,1,0,0,1,Good
255,2,60,3,74,5,3,3,1,1,27,3,1,1,1,1,0,0,1,0,0,1,0,1,0,Good
256,4,24,4,27,1,3,3,2,1,35,3,2,1,1,1,0,0,1,0,0,1,0,1,0,Good
257,1,12,1,21,1,3,1,1,4,29,3,1,1,1,1,0,0,1,0,0,0,0,0,1,Bad
258,4,15,2,38,2,2,2,4,3,23,3,1,1,2,1,0,1,1,0,0,1,0,0,1,Good
259,4,11,4,12,2,1,2,4,1,57,3,3,1,1,1,0,0,1,0,0,1,0,1,0,Good
260,1,12,2,17,1,3,3,2,1,27,3,1,1,1,1,0,0,1,0,0,1,0,0,1,Good
261,1,24,2,16,1,5,2,4,3,55,3,1,1,1,1,0,0,1,0,0,1,0,0,1,Good
262,1,18,4,53,1,5,3,4,4,36,3,3,1,2,1,1,0,1,0,0,0,0,0,0,Good
263,4,12,4,27,1,5,2,4,4,57,1,3,1,1,1,0,0,1,0,0,0,0,1,0,Good
264,4,10,4,12,1,5,3,4,1,32,3,2,2,1,2,1,0,1,0,0,1,0,1,0,Good
265,2,15,2,8,1,5,3,3,3,37,3,1,2,1,1,0,0,1,0,0,1,0,0,1,Bad
266,4,36,4,63,5,5,3,4,1,36,3,2,1,1,1,0,0,1,0,0,1,0,0,1,Good
267,4,24,2,15,1,2,2,3,3,38,2,1,1,2,1,0,0,1,0,0,1,0,0,1,Good
268,1,14,2,90,1,5,1,4,2,45,3,1,1,2,2,1,0,1,0,0,1,0,0,0,Bad
269,4,24,2,10,5,5,3,2,3,25,3,2,1,1,1,0,0,1,0,0,1,0,0,1,Good
270,4,18,2,27,5,4,3,3,2,32,3,1,1,1,2,1,0,1,0,0,1,0,0,1,Good
271,4,12,4,14,3,4,2,4,3,37,3,1,1,2,1,0,0,1,0,1,0,0,0,1,Good
272,2,48,1,122,5,1,3,4,4,36,3,1,1,2,1,1,0,0,1,0,0,0,0,0,Good
273,2,48,2,31,1,4,3,4,1,28,3,2,1,1,1,0,0,1,0,0,1,0,0,1,Bad
274,1,30,2,120,1,2,1,1,4,34,3,1,1,2,1,0,0,1,0,0,1,0,1,0,Bad
275,4,9,2,27,1,3,3,2,1,32,3,1,2,1,1,0,0,1,0,0,1,0,0,1,Good
276,4,18,4,24,1,3,2,2,3,26,3,2,1,1,1,0,0,1,0,0,1,0,0,1,Good
277,1,12,2,13,5,5,1,4,2,49,3,1,1,2,1,0,0,1,0,0,1,0,1,0,Good
278,4,6,2,46,1,2,2,4,2,32,3,1,1,1,1,0,0,1,0,0,1,0,0,1,Bad
279,4,24,2,19,2,3,3,4,3,29,3,1,1,2,1,0,0,1,0,1,0,0,0,0,Good
280,4,15,4,34,4,5,3,4,4,23,3,2,1,2,1,0,1,1,0,1,0,0,0,1,Good
281,4,12,2,16,1,3,3,2,1,50,3,1,1,1,1,0,0,1,0,0,1,0,0,1,Good
282,3,18,1,14,5,4,3,4,3,49,1,1,1,1,1,0,0,1,0,0,1,0,1,0,Good
283,4,15,4,15,5,5,3,4,2,63,3,1,1,1,1,0,0,1,0,0,1,0,0,1,Good
284,2,24,4,39,2,2,1,2,3,37,3,1,1,2,1,1,0,1,0,0,1,0,0,1,Good
285,1,47,2,107,1,2,2,1,1,35,3,1,1,2,1,1,0,1,0,0,1,0,1,0,Good
286,1,48,2,48,1,4,3,3,2,26,3,1,2,1,1,0,1,1,0,0,1,0,0,1,Good
287,2,48,3,76,2,1,3,4,4,31,3,1,1,2,1,0,0,1,0,0,0,0,0,0,Good
288,2,12,2,11,1,3,2,4,1,49,3,2,1,2,1,0,0,0,0,0,1,0,0,1,Good
289,1,24,3,10,1,2,4,4,1,48,2,1,1,1,1,0,0,1,0,0,1,0,0,1,Bad
290,4,12,2,11,1,3,4,2,1,26,3,1,1,2,2,0,0,1,0,0,1,0,0,1,Good
291,2,36,2,94,1,2,4,4,3,28,3,1,1,2,1,0,1,1,0,1,0,0,0,0,Bad
292,1,24,4,64,1,5,2,4,4,44,3,2,2,2,1,0,1,1,0,0,0,0,0,0,Good
293,3,42,4,48,1,5,3,4,4,56,3,1,1,1,1,0,1,1,0,0,0,0,0,1,Good
294,4,48,4,76,5,5,1,2,3,46,1,2,2,1,1,0,0,1,0,0,1,0,0,0,Good
295,2,48,2,100,1,2,2,2,3,26,3,1,1,2,1,0,0,1,0,0,1,0,0,1,Bad
296,4,12,2,47,5,2,2,4,3,20,3,1,1,1,1,0,1,1,0,1,0,0,0,1,Good
297,4,10,2,13,5,5,3,2,2,45,3,1,1,1,2,1,0,0,1,0,1,0,1,0,Good
298,4,18,2,25,1,3,3,4,1,43,3,1,1,2,1,0,0,1,0,0,1,0,0,1,Good
299,2,21,4,27,4,4,3,2,3,32,3,2,1,2,1,0,0,1,0,0,1,0,0,1,Good
300,4,6,2,7,1,1,2,4,1,54,3,1,1,2,1,1,0,1,0,0,1,1,0,0,Good
301,2,36,0,38,1,3,2,1,3,42,3,1,1,2,1,0,0,1,0,0,1,0,0,1,Bad
302,3,24,4,13,5,4,3,2,1,37,1,2,2,1,1,1,0,1,0,0,1,0,1,0,Bad
303,1,10,4,10,1,4,3,3,2,49,3,2,1,2,1,1,0,0,1,0,1,0,0,1,Good
304,4,48,4,101,3,3,3,2,4,44,1,1,1,1,1,1,0,1,0,0,0,0,0,1,Bad
305,4,6,2,15,4,3,1,2,1,33,3,1,1,1,1,0,0,1,0,0,1,0,0,1,Good
306,4,30,2,48,5,4,2,4,2,24,2,1,1,1,1,0,1,1,0,1,0,0,1,0,Good
307,1,12,2,7,2,2,4,3,4,33,3,1,1,2,1,0,0,1,0,0,1,0,1,0,Bad
308,2,8,2,12,1,3,2,4,1,24,3,1,1,1,1,0,0,1,0,0,1,0,0,1,Bad
309,2,9,2,3,1,3,4,4,1,22,3,1,1,1,1,1,0,1,0,1,0,0,1,0,Good
310,2,48,2,54,5,1,3,4,4,40,1,1,1,2,1,0,0,1,0,0,0,1,0,0,Good
311,4,24,2,55,2,3,3,1,3,25,2,1,1,1,1,0,0,1,0,0,1,0,0,1,Good
312,3,24,2,37,1,2,2,4,3,26,3,1,1,1,1,0,0,1,0,0,1,0,0,1,Good
313,2,12,2,7,1,4,4,3,3,25,1,1,1,1,1,1,0,1,0,0,1,0,1,0,Bad
314,3,4,2,15,5,2,3,2,1,29,3,1,2,1,2,1,0,1,0,0,1,0,1,0,Good
315,1,36,1,27,1,5,3,4,3,31,1,1,1,1,1,0,0,1,0,0,1,0,0,1,Bad
316,1,12,2,7,1,3,3,3,2,38,3,1,2,1,1,0,0,0,0,0,1,0,1,0,Good
317,2,24,2,44,5,3,2,4,2,48,3,1,1,2,1,0,0,1,0,0,1,0,1,0,Good
318,4,12,4,7,1,3,3,2,3,32,3,2,1,1,1,0,0,1,0,0,1,0,0,1,Good
319,1,15,3,36,1,5,2,4,2,27,3,2,1,1,1,0,0,1,0,0,1,0,1,0,Good
320,2,30,4,42,1,1,4,2,3,28,3,2,1,1,1,1,0,1,0,0,1,0,0,0,Bad
321,1,24,2,19,1,2,1,3,2,32,3,1,1,1,1,0,0,1,0,0,1,0,0,1,Bad
322,1,24,2,29,1,4,3,1,4,34,3,1,1,2,1,0,1,1,0,0,0,0,0,0,Good
323,1,18,2,27,4,3,3,2,3,28,3,1,1,1,1,0,0,1,0,0,1,0,0,1,Good
324,4,18,4,10,1,3,2,3,1,36,3,2,1,1,1,1,0,1,0,0,1,0,0,1,Good
325,1,8,4,34,1,4,3,4,1,39,3,2,1,1,2,1,0,1,0,0,1,0,1,0,Good
326,4,12,4,58,5,5,3,4,2,49,3,1,1,2,1,0,0,1,0,1,0,0,0,1,Good
327,4,24,2,15,4,4,2,3,3,34,3,1,2,2,1,1,0,1,0,0,1,0,0,1,Good
328,3,36,2,45,1,5,3,2,3,31,3,1,1,1,1,0,0,1,0,0,1,0,0,1,Good
329,2,6,2,11,1,5,3,4,3,28,3,1,2,1,1,0,0,1,0,0,1,0,0,1,Good
330,1,24,4,66,1,1,3,4,4,75,3,2,1,2,1,0,1,1,0,0,0,0,0,0,Good
331,4,18,4,19,2,3,2,2,1,30,3,2,1,1,1,0,0,1,0,0,1,0,0,1,Bad
332,2,60,2,74,2,2,2,2,2,24,3,1,1,1,1,1,0,1,0,0,1,0,0,0,Bad
333,4,48,4,116,2,3,2,4,3,24,1,2,1,1,1,0,1,1,0,1,0,0,1,0,Bad
334,1,24,0,41,1,5,3,4,4,23,1,2,2,1,1,0,0,1,0,1,0,0,0,1,Bad
335,1,6,4,34,1,3,1,4,1,44,3,1,1,2,1,0,0,1,0,1,0,0,0,0,Bad
336,2,13,2,21,1,2,2,4,2,23,3,1,1,1,1,0,0,0,0,0,1,0,1,0,Good
337,1,15,2,13,5,3,2,2,3,24,3,1,1,1,1,0,0,1,0,1,0,0,0,1,Bad
338,1,24,2,42,1,3,3,4,2,28,3,1,1,1,1,0,0,1,0,0,1,0,0,1,Good
339,2,10,2,15,1,3,1,2,3,31,3,1,1,1,1,0,0,1,0,0,1,0,1,0,Good
340,2,24,4,57,1,2,2,4,4,24,3,2,1,2,1,0,0,1,0,0,0,0,0,1,Good
341,1,21,2,36,1,4,2,4,3,26,3,1,1,1,1,0,0,1,0,1,0,0,1,0,Good
342,2,18,2,32,3,2,4,3,1,25,3,1,1,1,1,0,0,1,0,1,0,0,0,1,Good
343,2,18,2,44,1,5,3,1,1,33,1,1,1,2,1,0,0,0,1,0,1,0,0,0,Good
344,3,10,2,39,1,2,3,1,2,37,3,1,2,1,1,1,0,0,0,0,1,0,1,0,Good
345,4,15,4,15,1,3,2,2,3,43,3,1,1,1,1,0,0,1,0,0,1,0,1,0,Good
346,2,13,4,9,1,2,3,4,1,23,3,2,1,1,1,0,0,0,0,0,1,0,0,1,Good
347,2,24,2,38,3,1,2,4,4,23,3,1,1,1,1,0,0,1,0,1,0,1,0,0,Good
348,4,6,3,17,2,3,3,2,1,34,3,2,1,1,1,0,0,1,0,0,1,0,1,0,Good
349,2,9,4,11,4,5,3,3,4,32,3,2,2,1,1,0,0,1,0,0,0,0,0,1,Bad
350,4,9,2,12,1,2,2,4,1,23,3,1,1,2,1,0,0,1,0,1,0,0,0,1,Good
351,2,9,2,10,1,3,2,2,3,29,3,1,1,1,2,0,0,1,0,0,1,0,0,1,Bad
352,4,18,4,32,5,1,3,4,4,38,3,1,1,2,1,0,1,1,0,0,1,0,0,0,Good
353,1,12,0,62,1,3,3,2,2,28,3,2,1,2,1,0,0,1,0,1,0,0,0,1,Bad
354,4,10,2,7,3,5,3,4,4,46,3,1,1,2,1,0,0,1,0,0,0,0,0,1,Good
355,2,24,2,12,1,2,3,2,1,23,2,1,1,1,1,1,0,1,0,0,1,0,1,0,Bad
356,4,12,4,23,5,5,3,4,1,49,3,1,1,2,1,0,0,0,1,0,1,0,0,1,Good
357,4,36,3,45,1,3,3,2,3,26,3,2,1,2,1,0,0,1,0,0,1,0,0,0,Bad
358,4,12,2,8,1,3,4,2,1,28,3,1,1,1,1,0,0,1,0,0,1,0,0,1,Good
359,1,30,2,24,1,4,2,4,1,23,3,1,1,1,1,0,0,1,0,1,0,0,0,1,Bad
360,2,18,2,12,5,3,3,4,4,61,3,1,1,1,1,0,0,1,0,0,0,0,0,1,Good
361,3,12,2,34,5,5,3,3,3,37,3,1,1,1,1,0,0,1,0,0,1,0,0,0,Good
362,3,12,3,22,1,3,2,2,3,36,2,2,1,2,1,1,0,1,0,0,1,0,0,1,Good
363,4,6,2,18,1,3,4,2,2,21,3,1,1,1,1,0,0,1,0,1,0,0,0,1,Good
364,1,18,2,25,1,1,3,1,3,25,3,1,1,1,1,0,0,1,0,0,1,1,0,0,Bad
365,4,12,2,15,1,4,3,4,3,36,3,1,1,2,1,0,0,1,0,0,1,0,0,1,Good
366,4,18,4,38,1,4,3,1,3,27,3,2,1,1,1,0,1,1,0,0,1,0,0,1,Good
367,1,18,2,36,1,2,2,4,3,22,3,1,1,1,1,0,0,1,0,1,0,0,0,1,Good
368,1,36,2,34,1,5,3,2,3,42,3,1,2,1,1,0,0,1,0,0,1,0,0,1,Bad
369,2,18,2,30,1,4,2,4,1,40,3,1,1,1,1,0,0,1,0,1,0,0,0,1,Good
370,4,36,2,31,5,3,3,4,1,36,3,1,1,1,1,1,0,1,0,0,1,0,0,1,Good
371,4,18,4,61,1,5,3,4,3,33,3,2,1,2,1,0,0,1,0,0,1,0,0,1,Good
372,4,10,4,21,1,2,2,3,1,23,3,2,1,1,1,0,0,1,0,1,0,0,0,1,Good
373,4,60,4,138,5,5,3,4,4,63,1,1,1,2,1,1,0,1,0,0,0,0,0,0,Good
374,2,60,1,148,2,5,2,4,4,60,1,2,1,2,1,0,0,1,0,0,0,0,0,0,Bad
375,1,48,1,77,1,4,2,4,3,37,3,1,1,1,1,0,0,0,0,1,0,0,0,1,Bad
376,4,18,3,23,1,1,4,3,1,34,3,2,1,1,1,0,0,1,0,0,1,0,0,1,Good
377,4,7,3,8,5,5,3,4,4,36,3,1,1,1,1,0,0,1,0,0,0,0,0,1,Good
378,2,36,2,143,1,5,3,2,4,57,3,1,1,2,1,1,0,1,0,0,0,0,0,0,Bad
379,4,6,4,4,2,3,2,4,3,52,3,2,1,1,1,1,0,1,0,0,1,0,1,0,Good
380,1,20,2,22,5,4,3,4,3,39,3,1,1,2,1,0,0,1,0,0,1,0,0,1,Good
381,2,18,2,130,1,1,2,4,4,38,3,1,1,2,1,0,1,1,0,0,0,0,0,0,Bad
382,4,22,2,13,5,4,2,4,2,25,3,1,1,1,1,1,0,1,0,1,0,0,0,1,Good
383,3,12,2,13,1,2,3,1,1,26,3,1,1,1,1,1,0,1,0,0,1,0,0,1,Good
384,4,30,3,43,2,3,3,2,2,26,3,2,1,1,1,0,0,1,0,0,1,0,1,0,Good
385,4,18,4,22,1,3,2,1,3,25,3,2,1,1,1,0,0,1,0,0,1,0,0,1,Good
386,4,18,2,11,5,2,2,2,1,21,3,1,1,2,1,0,0,1,0,1,0,0,0,1,Good
387,2,18,4,74,1,1,3,4,2,40,2,2,1,2,1,0,0,1,0,0,1,0,0,0,Good
388,2,15,4,23,3,3,3,4,3,27,1,1,1,1,1,0,0,1,0,0,1,0,0,1,Good
389,4,9,2,14,1,4,2,2,3,27,3,2,1,1,1,0,0,1,0,0,1,0,0,1,Good
390,4,18,2,18,1,3,4,2,2,30,3,1,1,2,1,1,0,1,0,0,1,0,0,0,Good
391,2,12,2,10,4,2,2,4,1,19,3,1,1,1,1,0,0,1,0,1,0,0,1,0,Good
392,1,36,2,32,1,4,3,4,4,39,1,1,2,2,1,1,0,1,0,0,0,0,0,0,Good
393,1,6,4,20,1,4,2,4,3,31,3,1,1,1,1,0,0,1,0,0,1,0,0,1,Good
394,4,9,4,24,1,1,3,3,3,31,3,1,1,1,1,0,0,1,0,0,1,0,0,0,Good
395,2,39,3,118,2,4,3,3,4,32,3,1,1,2,1,0,0,1,0,1,0,0,0,1,Good
396,1,12,2,26,1,1,2,4,4,55,3,1,1,1,1,0,0,1,0,0,0,0,0,0,Good
397,1,36,4,23,1,3,4,2,2,46,3,2,1,2,1,0,0,1,0,0,1,0,0,1,Good
398,2,12,2,12,1,5,1,1,1,46,3,2,1,1,1,1,0,1,0,1,0,0,0,1,Bad
399,4,24,4,15,4,3,2,1,1,43,3,2,1,1,1,0,0,1,0,0,1,0,1,0,Good
400,4,18,2,15,1,2,4,4,1,39,3,1,1,2,1,0,0,1,0,0,1,0,0,1,Good
401,2,18,4,19,5,3,4,4,1,28,1,2,1,1,1,0,0,1,0,0,1,0,0,1,Good
402,4,24,3,86,1,2,3,2,3,27,1,2,1,2,1,0,0,1,0,0,1,0,0,1,Bad
403,4,14,3,8,1,3,3,2,3,27,3,2,1,1,1,1,0,1,0,0,1,0,1,0,Good
404,2,18,3,29,5,5,3,4,3,43,3,1,2,1,1,1,0,1,0,0,1,0,0,1,Good
405,2,24,2,20,1,2,4,1,2,22,3,1,1,2,1,0,0,1,0,0,1,0,0,1,Bad
406,4,24,4,22,5,4,3,4,3,43,3,2,2,2,1,0,1,1,0,0,1,0,0,1,Good
407,1,15,2,11,1,2,4,2,1,27,3,1,1,1,2,0,0,1,0,0,1,0,0,1,Good
408,4,24,2,32,3,5,1,2,3,26,3,1,1,2,1,0,0,1,0,0,1,0,0,0,Good
409,3,12,4,9,3,4,4,2,1,28,3,3,1,2,1,1,0,1,0,0,1,0,0,1,Bad
410,2,24,2,20,1,5,2,4,3,20,3,1,1,2,1,0,0,1,0,0,1,0,0,1,Good
411,4,33,4,73,1,4,3,2,3,35,3,2,1,2,1,0,1,1,0,0,1,0,0,0,Good
412,4,12,4,23,1,1,3,2,3,42,2,2,1,2,1,0,0,1,0,0,1,0,0,0,Bad
413,4,10,2,16,3,3,3,2,4,40,3,1,2,1,2,1,0,1,0,1,0,0,1,0,Good
414,1,24,2,14,5,3,2,2,2,35,3,1,1,1,1,1,0,1,0,0,1,0,0,1,Bad
415,4,36,4,58,1,5,3,2,2,35,3,2,2,2,1,0,1,1,0,0,1,0,0,1,Good
416,1,12,2,26,1,2,3,1,1,33,3,1,2,1,1,1,0,1,0,0,1,0,1,0,Bad
417,1,18,3,85,5,3,2,2,3,23,3,2,1,2,1,0,0,1,0,1,0,0,0,1,Good
418,4,21,2,28,3,4,2,2,3,31,1,1,1,1,1,1,0,1,0,0,1,0,0,0,Good
419,2,18,2,10,5,3,2,2,2,33,3,1,1,1,1,1,0,1,0,0,1,0,0,1,Bad
420,4,15,2,32,4,4,2,3,3,20,3,1,1,1,1,1,0,1,0,1,0,0,0,1,Good
421,2,12,2,20,5,3,3,2,3,30,3,1,1,1,1,0,1,1,0,0,1,0,0,1,Good
422,2,12,4,10,1,4,3,3,1,47,3,2,2,1,1,1,0,1,0,0,1,0,1,0,Good
423,4,21,3,16,2,4,3,3,1,34,3,2,1,1,1,0,0,1,0,0,1,0,0,0,Good
424,2,12,2,28,5,5,2,2,2,25,1,1,1,2,1,0,0,1,0,0,1,0,0,1,Bad
425,2,18,2,28,1,3,4,3,3,21,3,1,1,2,1,0,1,1,0,1,0,0,0,1,Good
426,4,28,4,27,1,5,3,2,3,29,3,2,1,1,1,0,0,1,0,0,1,0,0,1,Good
427,4,18,4,11,4,3,3,3,1,46,3,2,1,1,1,0,0,1,0,0,1,0,0,1,Good
428,4,9,2,13,1,5,3,4,3,20,3,1,1,1,1,0,0,1,0,0,1,0,0,1,Good
429,1,18,4,12,1,1,2,4,4,55,3,3,2,1,1,0,0,1,0,0,0,1,0,0,Bad
430,4,5,2,34,1,4,3,4,1,74,3,1,1,1,1,0,0,1,0,0,1,0,1,0,Good
431,2,24,2,113,1,3,3,3,3,29,1,2,1,2,1,0,0,0,1,0,1,0,0,0,Bad
432,1,6,4,19,1,1,3,4,4,36,3,3,1,2,1,0,0,1,0,0,0,0,0,0,Good
433,4,24,4,21,1,3,1,2,1,33,3,2,1,2,1,0,0,1,0,0,1,0,0,1,Good
434,1,9,2,21,1,3,3,2,1,25,3,1,1,1,1,0,0,1,0,0,1,0,0,1,Good
435,2,12,2,15,5,3,4,1,1,25,3,1,1,2,1,0,0,1,0,0,1,0,0,1,Bad
436,4,6,2,7,3,4,4,4,1,23,3,1,1,1,1,0,0,1,0,1,0,0,1,0,Good
437,4,24,4,13,4,5,2,4,1,37,3,2,1,2,1,1,0,1,0,0,1,0,0,1,Good
438,1,42,4,34,1,1,3,4,3,65,3,2,1,1,1,0,0,0,1,0,1,1,0,0,Good
439,3,12,1,6,1,2,2,1,1,26,3,1,1,1,1,0,0,1,0,0,1,1,0,0,Bad
440,4,12,2,19,1,5,3,4,3,39,3,1,1,2,1,1,0,1,0,0,1,0,0,0,Good
441,1,12,2,16,1,3,2,3,2,30,3,1,1,1,1,0,0,0,1,0,1,0,0,1,Good
442,2,20,3,26,1,3,3,3,3,29,1,2,1,2,1,0,0,1,0,0,1,0,0,1,Good
443,4,12,2,7,1,5,3,4,3,41,1,1,2,1,1,0,0,1,0,0,1,0,1,0,Bad
444,2,48,4,51,1,3,2,3,3,30,3,1,1,2,1,0,0,1,0,0,1,0,0,0,Bad
445,4,9,4,12,5,5,2,4,2,41,3,2,1,1,1,0,0,1,0,1,0,0,1,0,Good
446,1,36,2,18,1,2,2,4,3,34,3,1,1,2,1,1,0,1,0,0,1,0,0,1,Bad
447,2,7,2,26,1,3,3,2,1,35,3,1,1,1,1,0,0,0,0,0,1,0,0,1,Good
448,3,12,2,14,5,5,2,4,1,55,3,1,1,2,1,0,0,1,0,0,1,0,0,0,Good
449,2,15,3,15,4,3,4,3,2,61,2,2,1,1,1,0,0,1,0,0,1,0,0,1,Bad
450,4,36,4,111,5,3,3,2,3,30,3,1,1,2,1,0,1,1,0,0,1,0,0,0,Good
451,4,6,2,5,1,3,2,1,1,29,3,1,1,1,1,0,0,1,0,0,1,0,0,1,Good
452,4,12,0,28,1,5,3,4,2,34,3,2,1,1,1,0,0,1,0,0,1,0,0,1,Good
453,4,24,2,27,1,5,3,4,3,35,3,1,1,2,1,0,1,1,0,0,1,0,0,0,Good
454,1,24,2,48,1,4,3,3,2,31,3,1,1,2,1,1,0,0,1,0,1,0,0,1,Bad
455,4,24,2,27,1,2,2,1,4,29,3,1,1,2,1,0,1,1,0,0,1,0,0,0,Good
456,1,11,4,39,1,3,3,2,1,36,3,2,2,1,1,1,0,1,0,1,0,0,0,1,Good
457,1,12,2,34,1,5,3,4,4,35,3,1,1,2,1,0,1,1,0,0,0,0,0,1,Bad
458,1,6,2,3,1,2,2,1,1,27,3,1,1,1,1,0,0,1,0,0,1,0,0,1,Good
459,4,18,2,46,1,2,3,2,3,32,3,1,1,2,1,0,0,1,0,0,1,0,0,1,Good
460,1,36,2,36,1,3,3,2,2,37,3,1,2,1,1,0,0,0,0,0,1,0,0,1,Good
461,1,15,2,17,1,2,3,3,1,36,3,1,1,1,1,1,0,1,0,0,1,0,0,1,Good
462,2,12,2,30,1,2,2,1,1,34,3,1,1,1,1,0,0,1,0,1,0,0,0,0,Good
463,2,12,2,8,5,5,3,4,2,38,3,2,1,1,1,0,0,1,0,0,1,0,0,1,Good
464,4,18,2,20,1,4,3,1,3,34,2,2,1,2,1,0,0,1,0,0,1,0,0,1,Good
465,1,24,2,29,1,3,3,4,4,63,1,1,2,2,1,0,1,0,0,0,1,0,0,1,Good
466,1,24,3,17,1,2,2,2,3,29,3,1,1,2,1,0,0,1,0,1,0,0,1,0,Bad
467,4,48,3,72,5,5,3,3,3,32,1,2,2,1,1,0,0,1,0,0,1,0,0,1,Good
468,4,33,3,28,1,3,2,2,3,26,3,2,1,2,1,0,0,1,0,0,1,0,0,1,Good
469,4,24,3,47,1,4,3,3,3,35,3,2,1,2,1,0,1,1,0,0,1,0,1,0,Good
470,2,24,2,31,2,2,4,2,3,22,3,1,1,2,1,0,0,1,0,1,0,0,0,1,Bad
471,1,6,2,4,1,2,2,4,2,23,3,1,1,1,1,0,0,1,0,0,1,0,0,1,Bad
472,1,9,2,7,1,3,3,3,3,28,3,1,1,1,1,1,0,1,0,0,1,0,1,0,Bad
473,4,6,2,12,5,1,3,4,2,36,3,1,2,2,1,0,0,1,0,0,1,0,0,0,Good
474,2,18,4,12,1,3,4,2,3,33,3,1,1,1,1,0,0,1,0,0,1,0,0,1,Bad
475,1,18,0,31,1,2,2,4,2,26,3,1,1,1,1,0,0,1,0,1,0,0,0,1,Bad
476,4,39,2,26,3,3,3,4,3,24,3,1,1,1,1,0,1,1,0,0,1,0,0,1,Good
477,3,24,2,52,1,4,3,2,3,25,1,1,1,1,1,0,0,1,0,0,1,0,0,1,Good
478,2,12,2,10,2,4,3,4,1,39,3,1,1,1,1,0,0,1,0,0,1,0,1,0,Good
479,1,15,4,15,1,5,3,4,3,44,3,2,2,2,1,0,0,1,0,0,1,0,0,1,Good
480,2,12,4,36,1,3,2,1,1,23,3,1,1,1,1,0,0,1,0,0,1,0,1,0,Good
481,2,24,2,12,1,2,3,1,2,26,3,1,1,1,1,1,0,1,0,0,1,0,0,1,Good
482,1,30,2,36,4,5,2,4,2,57,3,2,1,2,1,0,0,1,0,1,0,0,0,1,Good
483,4,15,3,10,4,4,2,2,2,30,3,2,1,1,1,0,0,1,0,0,1,0,0,1,Good
484,4,12,4,12,3,3,3,4,1,44,3,1,1,2,1,1,0,1,0,0,1,0,0,1,Good
485,2,6,3,12,1,1,3,4,2,47,3,1,1,2,1,1,0,1,0,0,1,0,0,0,Bad
486,4,12,2,31,1,3,3,4,3,52,3,1,1,2,1,0,0,1,0,0,1,0,0,1,Good
487,4,24,2,38,1,5,2,4,4,62,3,1,1,2,1,1,0,0,1,0,0,0,0,1,Good
488,4,10,2,14,2,3,3,2,1,35,3,1,1,1,2,1,0,1,0,1,0,0,1,0,Good
489,4,6,2,35,1,3,3,3,2,26,3,1,1,1,1,1,0,0,0,1,0,0,0,1,Good
490,4,12,4,19,1,5,3,2,4,26,3,2,1,1,1,0,0,1,0,0,1,0,0,1,Good
491,2,27,0,83,1,5,2,4,4,42,3,2,1,2,1,0,0,1,0,0,0,0,0,0,Bad
492,4,6,4,12,2,3,2,1,2,27,3,2,1,1,1,0,0,1,0,0,1,0,0,1,Good
493,2,6,2,4,5,5,3,4,2,38,3,1,1,1,1,0,0,1,0,0,1,0,0,1,Good
494,1,12,4,21,1,3,3,2,1,39,3,2,2,1,2,1,0,1,0,1,0,0,1,0,Good
495,1,24,2,30,5,3,4,4,3,20,3,1,1,1,1,0,0,1,0,0,1,0,0,1,Bad
496,2,36,2,90,2,2,3,1,4,29,3,1,1,2,1,0,0,0,1,1,0,0,0,0,Bad
497,4,24,4,16,1,4,3,3,2,40,3,2,1,1,1,0,0,1,0,0,1,0,0,1,Good
498,2,18,2,13,1,5,4,2,1,32,3,1,1,1,1,0,0,0,0,0,1,0,1,0,Good
499,3,6,4,13,2,5,1,4,3,28,3,2,2,2,1,1,0,1,0,0,1,0,0,1,Good
500,1,24,2,31,1,2,2,1,2,27,3,1,1,1,1,1,0,1,0,0,1,0,0,1,Bad
501,1,36,2,55,1,5,3,4,4,42,3,1,2,1,1,0,1,1,0,0,0,0,0,1,Good
502,3,9,2,11,2,5,1,4,1,49,3,1,1,1,1,0,0,1,0,0,1,0,0,1,Good
503,2,24,4,12,2,2,3,4,4,38,1,2,2,1,1,0,0,1,0,0,1,0,0,1,Bad
504,1,24,2,12,1,2,2,4,2,24,3,1,1,1,1,1,0,1,0,1,0,0,0,1,Bad
505,4,10,2,13,5,3,3,4,2,27,3,1,1,1,1,1,0,0,0,0,1,0,1,0,Bad
506,3,15,4,24,3,3,3,2,3,36,3,1,1,2,1,0,1,1,0,0,1,0,0,1,Good
507,2,15,1,68,2,1,3,2,2,34,3,1,2,2,1,1,0,1,0,0,1,0,0,0,Bad
508,4,24,2,14,1,3,4,2,2,28,3,1,1,1,1,0,0,1,0,0,1,0,0,1,Good
509,4,39,2,86,2,5,3,2,3,45,3,1,1,2,1,0,1,1,0,0,1,0,0,0,Good
510,1,12,2,8,1,4,3,2,1,26,3,1,1,1,1,1,0,1,0,0,1,0,0,1,Bad
511,4,36,2,47,1,3,3,2,4,32,3,1,1,2,1,0,1,1,0,0,0,0,0,0,Good
512,3,15,2,27,1,4,3,4,2,26,3,1,1,2,1,0,0,1,0,1,0,0,0,1,Good
513,2,12,3,6,1,3,4,4,1,20,3,2,1,1,1,0,0,0,1,1,0,0,0,1,Good
514,4,24,2,23,5,2,3,1,2,54,3,1,1,1,1,1,0,1,0,0,1,0,0,1,Good
515,1,6,4,6,1,4,2,3,2,37,3,2,1,1,2,1,0,1,0,0,1,0,0,1,Good
516,1,6,4,14,1,2,3,4,1,40,3,1,2,1,2,1,0,1,0,0,1,0,1,0,Good
517,4,36,4,71,1,2,2,4,2,23,3,2,1,2,1,0,0,1,0,1,0,0,0,1,Bad
518,1,6,2,12,2,5,3,2,2,43,3,1,1,2,1,1,0,1,0,0,1,0,0,1,Good
519,4,6,4,7,5,5,3,4,4,36,3,2,1,1,1,0,0,1,0,0,0,0,0,1,Good
520,4,24,4,55,1,5,3,4,4,44,3,2,1,1,1,0,0,1,0,0,0,0,0,1,Good
521,1,18,2,32,1,3,2,2,1,24,3,1,1,1,1,0,0,1,0,0,1,0,0,1,Bad
522,1,48,0,71,1,3,3,4,4,53,3,2,2,1,1,0,0,1,0,0,0,0,0,1,Bad
523,4,24,2,35,2,4,2,4,3,23,3,1,1,1,1,0,1,1,0,0,1,0,0,1,Good
524,2,18,2,11,1,3,2,4,1,26,3,1,2,1,1,0,0,0,0,0,1,0,1,0,Good
525,2,26,2,80,1,2,3,3,3,30,3,2,1,1,1,0,1,1,0,0,1,0,0,1,Good
526,4,15,4,15,2,3,2,3,3,31,3,1,1,1,1,0,0,1,0,0,1,0,0,1,Good
527,4,4,4,15,1,4,3,1,1,42,3,2,2,1,1,0,0,1,0,0,1,0,1,0,Good
528,1,36,2,23,1,3,1,4,3,31,3,1,1,1,1,0,0,1,0,1,0,0,0,1,Bad
529,1,6,2,7,1,2,3,4,1,41,3,1,2,2,1,1,0,1,0,0,1,0,1,0,Good
530,2,36,2,23,1,4,3,1,3,32,3,2,2,1,1,0,0,1,0,0,1,0,0,1,Good
531,2,15,2,26,2,3,2,4,3,28,3,2,1,2,1,1,0,1,0,1,0,0,0,1,Bad
532,4,12,3,15,1,3,4,4,1,41,3,1,1,1,1,0,1,1,0,1,0,0,0,1,Good
533,4,24,2,13,2,4,4,3,2,26,3,1,1,2,1,0,0,1,0,0,1,0,0,1,Good
534,4,24,2,31,5,2,3,2,3,25,3,2,1,1,1,0,0,1,0,0,1,0,0,1,Good
535,3,21,4,23,1,2,1,1,3,33,3,1,1,1,1,0,0,1,0,1,0,0,0,1,Bad
536,1,6,2,14,5,1,2,3,2,75,3,1,1,2,1,1,0,1,0,0,1,0,0,0,Good
537,2,18,4,36,1,5,2,4,2,37,3,1,1,2,1,0,0,1,0,0,1,0,0,1,Good
538,1,48,2,78,1,5,3,4,4,42,1,1,1,1,1,1,0,1,0,0,0,0,0,0,Bad
539,3,18,2,30,1,2,2,1,2,45,2,1,1,1,1,0,0,1,0,0,1,0,1,0,Good
540,2,12,2,15,1,2,4,1,1,23,3,1,1,1,1,0,0,1,0,1,0,0,0,1,Bad
541,4,24,3,20,1,5,3,4,4,60,3,2,1,2,1,1,0,1,0,0,0,0,0,1,Good
542,1,30,2,64,5,5,3,4,2,31,3,1,1,1,1,0,0,1,0,0,1,0,0,1,Bad
543,3,18,2,29,1,3,3,1,1,34,3,1,2,1,1,0,0,1,0,0,1,0,1,0,Bad
544,4,12,4,13,1,5,3,4,1,61,3,2,1,1,1,1,0,1,0,0,1,0,1,0,Good
545,1,24,3,13,1,1,3,2,1,43,3,2,2,1,1,1,0,1,0,0,0,0,0,1,Bad
546,4,24,4,20,1,3,2,4,3,37,3,1,1,2,1,1,0,1,0,0,1,0,0,1,Good
547,4,24,2,16,1,4,3,1,3,32,1,1,2,1,1,0,0,1,0,0,1,0,0,1,Good
548,1,12,1,6,1,3,2,4,1,24,1,1,1,1,1,0,0,1,0,0,1,0,1,0,Bad
549,4,48,4,89,5,4,3,1,4,35,3,2,1,2,1,0,1,1,0,0,0,0,0,1,Good
550,4,12,4,10,5,4,2,4,1,23,3,2,1,1,1,0,0,1,0,0,1,0,0,1,Good
551,4,6,1,18,3,5,3,4,2,45,1,1,2,1,1,0,0,1,0,0,1,0,1,0,Good
552,1,48,2,70,1,4,4,1,1,34,3,2,1,2,1,0,0,0,0,0,1,0,0,1,Bad
553,2,12,4,20,2,2,3,1,3,27,3,1,1,1,1,1,0,1,0,0,1,0,0,1,Good
554,2,9,2,12,1,4,2,4,2,67,3,2,1,2,1,0,0,1,0,0,1,0,0,0,Good
555,2,12,2,13,1,2,3,1,3,22,2,1,1,1,1,0,0,1,0,0,1,0,0,1,Bad
556,2,18,0,23,2,2,2,3,3,28,3,2,1,1,1,1,0,1,0,0,1,0,0,1,Bad
557,4,21,0,50,5,3,2,4,2,29,1,2,1,2,1,1,0,1,0,0,1,0,0,1,Bad
558,1,24,1,36,1,4,3,4,3,27,1,1,1,1,1,0,0,1,0,0,1,0,0,1,Bad
559,2,18,4,19,1,2,3,2,1,31,3,2,1,1,1,0,0,1,0,0,1,0,1,0,Bad
560,1,24,2,30,5,5,3,4,4,49,1,1,2,2,1,0,1,1,0,0,0,0,0,1,Good
561,1,24,1,15,1,4,3,4,3,24,1,1,1,1,1,0,0,0,0,1,0,0,1,0,Bad
562,3,6,3,7,1,2,2,1,2,29,1,1,1,1,1,0,0,1,0,0,1,0,0,1,Good
563,2,36,2,124,5,3,3,4,4,37,3,1,1,2,1,1,0,1,0,0,0,0,0,1,Bad
564,2,24,3,47,5,3,3,2,2,37,1,2,1,2,1,0,0,1,0,0,1,0,0,0,Good
565,2,24,3,16,2,4,2,2,2,23,3,2,1,2,1,0,0,1,0,1,0,0,0,1,Good
566,1,12,2,14,1,4,1,3,3,36,3,1,1,1,1,1,0,1,0,0,1,0,0,1,Bad
567,4,24,4,26,4,5,3,2,3,34,3,1,1,1,1,0,0,1,0,0,1,0,0,1,Good
568,2,48,2,40,5,4,3,1,3,41,3,2,2,2,1,0,0,1,0,0,1,0,0,1,Good
569,1,48,2,68,1,3,2,2,3,31,3,1,1,2,1,0,0,1,0,0,1,0,0,1,Bad
570,1,24,2,32,1,2,2,4,1,23,3,1,1,2,1,0,0,1,0,1,0,0,1,0,Bad
571,4,30,4,60,1,4,3,2,3,38,3,1,1,1,1,0,0,0,1,0,1,0,0,1,Good
572,4,24,2,54,5,1,2,4,2,26,3,1,1,2,1,0,1,1,0,1,0,0,0,0,Good
573,1,15,2,8,1,3,2,4,2,22,3,1,1,1,1,0,0,1,0,0,1,0,1,0,Good
574,2,9,2,11,1,5,3,4,3,27,3,2,1,1,1,0,0,1,0,0,1,0,1,0,Good
575,4,15,4,28,1,4,2,3,3,24,1,2,1,1,1,0,0,0,1,0,1,0,0,1,Good
576,2,12,2,29,1,4,2,1,1,27,3,1,1,1,1,0,0,1,0,0,1,0,0,1,Good
577,4,24,4,19,5,3,2,2,3,33,3,2,1,2,1,0,0,1,0,0,1,0,0,1,Good
578,2,36,4,28,1,2,1,4,3,27,3,2,1,1,1,1,0,1,0,0,1,0,0,1,Bad
579,4,24,2,9,1,2,4,3,3,27,3,2,1,1,1,0,0,1,0,0,1,0,1,0,Good
580,2,18,4,11,1,5,3,3,1,30,1,2,1,1,1,1,0,0,0,0,1,0,0,1,Bad
581,2,12,4,31,1,2,3,3,1,49,1,2,2,1,1,1,0,1,0,0,1,0,1,0,Good
582,4,9,2,14,1,3,2,2,1,26,3,1,1,1,1,0,0,1,0,1,0,0,0,1,Good
583,2,36,2,24,1,2,3,1,4,33,3,1,1,1,1,0,0,1,0,1,0,0,1,0,Bad
584,4,12,2,21,5,5,2,4,4,52,3,1,1,2,1,1,0,1,0,0,0,0,0,0,Good
585,1,18,2,20,1,3,2,4,1,20,1,1,1,1,1,0,0,1,0,1,0,0,0,1,Bad
586,1,9,4,28,1,3,3,2,1,36,3,2,2,1,1,1,0,1,0,1,0,0,0,1,Good
587,1,12,2,13,1,3,3,1,2,21,3,1,1,1,1,0,0,0,0,0,1,0,1,0,Good
588,1,18,2,12,1,3,4,3,1,47,3,1,1,2,1,0,0,1,0,0,1,0,1,0,Bad
589,1,12,4,22,1,5,3,3,2,60,3,2,1,1,1,0,0,1,0,0,1,0,0,1,Bad
590,1,12,4,4,1,4,2,3,1,58,3,4,1,2,1,0,0,1,0,0,1,0,1,0,Good
591,2,24,3,20,5,3,2,4,3,42,3,2,1,2,1,1,0,1,0,1,0,0,0,1,Good
592,4,21,2,16,4,5,2,4,1,36,1,1,1,1,1,0,0,1,0,0,1,0,1,0,Good
593,2,24,2,27,1,3,2,4,2,20,3,1,1,2,1,1,0,1,0,1,0,0,1,0,Bad
594,1,24,1,14,5,5,3,3,3,40,2,1,1,2,1,0,0,1,0,0,1,0,0,0,Bad
595,2,6,1,9,2,2,2,1,2,32,2,1,1,1,1,1,0,1,0,0,1,0,1,0,Bad
596,1,24,2,14,1,4,2,4,3,23,3,2,1,1,1,1,0,1,0,1,0,0,0,1,Bad
597,2,24,0,42,1,3,3,4,1,36,3,3,1,2,1,0,0,1,0,0,1,0,1,0,Bad
598,4,18,4,28,1,4,3,2,2,31,1,2,1,1,1,1,0,1,0,0,1,0,0,1,Bad
599,4,24,3,39,1,3,3,2,4,32,3,1,1,1,1,0,0,1,0,0,0,0,0,1,Good
600,2,7,2,23,1,2,2,1,1,45,3,1,1,1,1,0,0,0,0,0,1,0,0,1,Good
601,2,9,2,9,1,3,2,1,2,30,3,1,1,1,1,0,0,1,0,0,1,0,0,1,Bad
602,2,24,1,18,1,4,2,4,4,34,1,1,1,1,1,0,0,1,0,0,0,0,1,0,Bad
603,4,36,2,33,1,3,2,2,3,28,3,1,1,2,1,0,0,1,0,0,1,0,0,0,Bad
604,3,10,2,13,1,2,2,2,2,23,3,1,1,1,1,0,0,1,0,0,1,0,0,1,Good
605,1,24,1,28,3,3,3,4,1,22,2,1,1,2,1,0,0,1,0,0,1,0,0,1,Good
606,4,24,4,45,1,3,3,2,1,74,3,1,1,2,1,0,0,1,0,0,1,0,0,0,Good
607,2,36,2,27,2,3,2,4,4,50,3,1,1,1,1,0,0,0,1,0,0,0,0,1,Bad
608,4,18,2,21,1,2,3,1,1,33,3,1,1,1,1,0,0,1,0,0,1,0,0,1,Good
609,4,15,2,13,5,5,3,4,4,45,1,1,2,1,1,0,1,1,0,0,0,0,0,1,Good
610,1,12,2,7,2,1,2,3,2,22,3,1,1,1,1,0,0,1,0,0,1,0,0,1,Bad
611,3,10,2,12,2,5,2,4,4,48,3,1,2,1,1,1,0,1,0,0,0,0,1,0,Bad
612,1,21,2,34,4,2,2,2,3,29,1,1,1,1,1,0,0,1,0,0,1,0,0,1,Good
613,1,24,1,36,1,3,2,4,3,22,1,1,1,1,2,0,1,0,0,1,0,0,0,1,Good
614,4,18,3,18,1,4,2,1,1,22,3,1,1,1,1,0,0,1,0,0,1,0,0,1,Bad
615,2,48,0,122,5,3,3,2,3,48,1,1,1,2,1,0,0,1,0,0,1,0,0,0,Good
616,2,60,3,92,5,3,3,2,4,27,3,1,1,1,1,0,0,1,0,0,0,0,0,0,Good
617,1,6,4,37,1,3,3,3,1,37,3,3,2,1,1,1,0,1,0,1,0,0,0,1,Good
618,2,30,2,34,2,3,2,4,3,21,3,1,1,1,1,0,0,0,1,1,0,0,0,1,Bad
619,4,12,2,6,1,3,1,2,1,49,3,1,1,1,1,1,0,1,0,0,1,0,1,0,Good
620,2,21,4,37,1,4,3,3,2,27,3,2,1,1,1,0,0,1,0,0,1,0,0,1,Good
621,4,18,4,15,1,3,3,2,2,32,1,2,1,1,1,1,0,1,0,0,1,0,0,1,Bad
622,4,48,2,39,5,3,1,2,1,38,1,1,1,1,1,0,0,1,0,0,1,0,0,1,Bad
623,1,12,2,19,1,2,2,1,3,22,3,1,1,1,1,0,0,1,0,1,0,0,0,1,Good
624,1,18,2,26,1,3,3,4,4,65,3,2,1,1,1,0,0,1,0,0,0,0,0,1,Bad
625,4,15,2,20,5,5,3,2,3,35,3,1,1,1,1,0,0,1,0,0,1,0,0,1,Good
626,3,6,2,21,1,3,3,2,1,41,3,1,1,2,1,0,0,1,0,0,1,0,0,1,Good
627,2,9,1,14,2,4,3,3,4,29,3,1,1,1,1,1,0,1,0,0,1,0,0,1,Bad
628,4,42,4,40,3,3,3,4,1,36,3,2,1,2,1,0,0,1,0,0,1,0,0,1,Good
629,4,9,2,38,5,5,3,4,1,64,3,1,1,1,1,0,0,1,0,0,1,0,1,0,Good
630,1,24,2,37,1,3,2,4,3,28,3,1,1,1,1,0,0,1,0,0,1,0,0,1,Good
631,1,18,1,16,1,3,3,3,3,44,1,1,1,1,1,0,0,1,0,0,1,0,0,1,Bad
632,2,15,2,14,5,2,3,1,2,23,3,1,1,1,1,0,0,1,0,0,1,0,0,1,Good
633,4,9,2,20,1,2,2,2,3,19,3,2,1,1,1,0,0,0,1,1,0,0,0,1,Bad
634,2,24,2,14,1,2,2,4,3,25,3,1,1,2,1,1,0,1,0,0,1,0,1,0,Bad
635,4,12,2,14,1,5,3,4,2,47,1,3,2,2,1,0,0,1,0,0,1,0,0,1,Good
636,4,24,2,14,3,4,2,1,3,28,3,1,1,1,1,0,0,1,0,0,1,0,0,1,Good
637,4,60,3,157,1,4,3,4,3,21,3,2,1,2,1,0,0,1,0,0,1,0,0,1,Good
638,4,12,2,15,1,2,2,3,3,34,3,1,2,1,1,0,0,1,0,0,1,0,0,1,Good
639,1,42,3,44,1,4,3,2,2,26,1,2,2,2,1,0,0,1,0,0,1,0,0,1,Bad
640,1,18,2,8,1,1,2,1,1,27,3,1,1,1,1,0,0,1,0,0,1,1,0,0,Bad
641,2,15,2,13,1,5,3,4,3,38,3,2,1,1,1,0,0,1,0,0,1,0,1,0,Good
642,4,15,2,46,2,3,3,2,2,40,3,1,1,2,1,0,0,1,0,0,1,0,0,0,Bad
643,4,24,4,19,1,4,4,2,3,33,3,2,1,2,1,0,0,0,0,0,1,0,0,1,Good
644,1,18,4,19,1,4,4,1,2,32,3,2,1,2,1,0,0,1,0,0,1,0,0,0,Good
645,4,36,3,80,5,2,3,4,3,27,3,2,1,2,1,0,0,1,0,1,0,0,0,1,Bad
646,1,30,0,46,1,3,1,2,1,32,3,2,1,1,1,0,0,0,0,0,1,0,0,1,Good
647,4,12,2,14,3,3,2,2,2,26,3,1,1,1,1,1,0,1,0,0,1,0,0,1,Bad
648,3,24,2,9,1,4,3,3,4,38,1,1,2,1,1,1,0,1,0,0,0,0,0,1,Bad
649,1,12,2,7,1,3,3,4,3,40,3,1,2,1,1,0,0,1,0,1,0,0,1,0,Bad
650,1,48,2,75,1,4,3,1,4,50,3,1,1,2,1,0,0,1,0,0,0,0,0,0,Good
651,2,12,2,19,1,3,3,2,2,37,3,1,1,1,1,0,0,1,0,0,1,0,1,0,Bad
652,1,24,2,23,1,5,3,1,1,45,3,1,1,1,1,1,0,0,1,0,1,0,0,1,Bad
653,2,36,3,81,2,5,3,4,3,42,3,4,1,2,1,1,0,1,0,0,1,0,0,0,Bad
654,4,24,4,23,1,4,3,3,3,35,3,2,1,2,1,0,1,1,0,0,1,0,0,1,Good
655,1,14,2,40,1,1,3,4,4,22,3,1,1,1,1,1,0,1,0,0,0,0,0,1,Good
656,2,12,2,9,1,5,3,4,3,41,1,1,2,1,1,1,0,1,0,0,1,0,1,0,Bad
657,4,48,2,102,5,4,3,3,3,37,2,1,1,2,1,0,0,1,0,0,1,0,0,1,Good
658,2,30,0,42,1,3,2,1,3,28,3,2,1,1,1,0,0,1,0,0,1,0,0,1,Good
659,2,18,4,64,1,5,3,1,4,41,3,1,1,2,1,0,0,1,0,0,1,0,0,1,Good
660,3,12,2,13,1,3,4,4,1,23,3,1,1,1,1,0,0,1,0,1,0,0,0,1,Good
661,1,12,2,9,5,3,4,2,3,23,3,1,1,1,1,1,0,1,0,0,1,0,0,1,Bad
662,4,21,2,22,1,5,3,2,1,50,3,2,1,1,1,0,0,1,0,0,1,0,0,1,Good
663,2,6,3,10,1,1,3,1,2,35,2,2,1,2,1,0,0,1,0,0,1,0,0,0,Good
664,3,6,4,10,1,3,2,4,2,50,3,1,1,1,1,0,0,1,0,0,1,0,1,0,Good
665,4,24,4,63,1,1,3,2,4,27,1,2,1,2,1,0,0,0,1,0,1,0,0,0,Good
666,2,30,1,35,4,3,3,2,3,34,2,1,2,2,1,0,0,1,0,0,1,0,0,1,Good
667,4,48,1,36,1,3,2,1,1,27,2,1,1,1,1,0,0,1,0,0,1,0,0,1,Good
668,1,12,4,48,1,5,3,4,2,43,3,2,1,2,1,1,0,0,1,1,0,0,0,1,Bad
669,3,30,4,30,1,5,3,4,2,47,3,1,1,1,1,0,0,1,0,0,1,0,0,1,Good
670,4,24,4,41,2,3,3,3,2,27,3,2,1,2,1,0,0,1,0,0,1,0,1,0,Good
671,4,36,2,57,2,4,3,2,3,31,3,2,1,2,1,0,0,1,0,0,1,0,0,1,Good
672,4,60,2,104,1,5,3,4,2,42,3,1,1,2,1,1,0,1,0,0,1,0,0,0,Good
673,4,6,4,21,3,3,4,2,3,24,3,1,1,1,1,1,0,1,0,0,1,0,0,1,Good
674,4,21,3,26,3,2,3,2,1,41,1,1,2,1,1,0,0,1,0,0,1,0,1,0,Bad
675,4,30,4,45,1,4,2,4,3,26,3,1,1,2,1,0,0,1,0,1,0,0,0,0,Good
676,4,24,4,52,1,5,3,4,3,33,3,1,1,2,1,0,0,1,0,0,1,0,0,1,Good
677,2,72,2,56,2,3,4,2,3,24,3,1,1,1,1,0,0,1,0,0,1,0,0,1,Bad
678,1,24,2,24,1,5,3,4,1,64,1,1,1,1,1,0,0,1,0,1,0,0,1,0,Good
679,4,18,2,15,1,2,2,1,1,26,3,1,1,1,1,0,0,1,0,0,1,0,0,1,Good
680,4,6,2,15,1,2,2,2,4,56,3,1,1,1,1,0,0,1,0,0,1,0,0,1,Good
681,4,12,2,23,5,3,3,4,4,37,3,1,1,2,1,0,0,1,0,0,0,0,0,1,Good
682,4,15,3,15,1,3,4,3,1,33,1,2,1,1,1,0,0,1,0,0,1,0,0,1,Good
683,4,24,4,51,1,2,4,3,4,47,3,3,1,2,1,0,0,1,0,0,0,0,0,1,Good
684,2,36,3,99,2,4,3,3,2,31,3,2,2,2,1,0,0,1,0,0,1,0,1,0,Good
685,4,60,2,65,5,3,3,4,4,34,3,1,2,2,1,1,0,1,0,0,0,0,0,1,Good
686,3,10,4,13,5,4,3,2,2,27,3,2,1,2,1,0,0,1,0,0,1,0,0,1,Good
687,2,36,3,29,2,5,3,3,4,30,3,1,1,1,1,1,0,1,0,0,0,0,0,1,Good
688,4,9,2,28,2,5,3,4,3,35,3,1,1,2,1,0,0,0,1,0,1,0,0,1,Good
689,1,12,2,37,4,3,3,3,2,31,3,1,2,1,1,1,0,1,0,0,1,0,0,1,Good
690,1,15,4,10,1,3,1,3,2,25,3,2,1,1,1,0,0,1,0,0,1,0,0,1,Good
691,2,15,2,26,2,3,2,2,1,25,3,1,1,1,1,0,0,1,0,0,1,0,1,0,Good
692,2,24,2,29,2,2,3,1,3,29,3,1,1,1,1,0,0,1,0,0,1,0,0,1,Good
693,1,6,4,47,5,2,3,3,1,44,3,2,2,1,1,1,0,1,0,0,1,0,1,0,Good
694,4,24,2,23,1,4,3,2,3,28,3,1,1,2,1,0,0,1,0,0,1,0,0,1,Good
695,4,6,2,12,3,3,3,4,2,50,3,1,1,1,1,0,1,1,0,1,0,0,0,1,Good
696,2,12,2,11,1,4,3,3,1,29,3,2,1,1,2,0,0,0,0,0,1,0,0,1,Good
697,4,12,4,9,1,1,2,2,2,38,3,1,1,1,1,1,0,1,0,0,1,1,0,0,Good
698,4,18,4,18,1,3,3,2,3,24,3,2,1,1,1,0,0,1,0,0,1,0,0,1,Good
699,3,15,2,19,1,5,3,4,3,40,3,1,1,2,1,0,0,1,0,1,0,0,0,0,Good
700,4,12,2,11,3,3,2,4,3,29,3,1,1,1,1,0,0,1,0,1,0,0,1,0,Bad
701,1,48,4,63,1,5,3,4,4,46,3,2,1,2,1,0,1,1,0,0,0,0,0,1,Bad
702,3,24,2,14,2,5,2,2,4,47,3,1,1,2,1,0,0,1,0,0,0,0,0,1,Good
703,2,30,3,25,2,5,3,2,2,41,2,2,1,1,1,0,0,1,0,0,1,0,0,1,Good
704,2,27,2,25,1,2,2,1,2,32,3,1,2,2,1,0,0,1,0,0,1,0,0,1,Good
705,4,15,2,53,3,5,2,4,4,35,3,1,1,1,1,1,0,1,0,0,0,0,0,1,Good
706,2,48,2,66,2,4,3,2,2,24,3,1,1,1,1,1,0,1,0,0,1,0,0,1,Bad
707,2,12,0,30,1,2,2,3,2,25,3,2,1,1,1,0,0,1,0,1,0,0,0,1,Bad
708,2,9,2,12,1,5,2,4,1,25,3,1,1,1,1,0,0,1,0,0,1,0,0,1,Good
709,2,9,2,21,1,3,3,2,1,37,3,1,2,1,1,0,0,1,0,0,1,0,1,0,Good
710,4,18,4,6,3,5,3,3,2,32,1,2,1,2,1,0,0,1,0,0,1,0,0,0,Good
711,1,6,1,12,1,5,2,4,4,35,3,1,1,1,1,0,0,1,0,0,0,0,0,1,Bad
712,4,21,2,25,5,5,3,4,1,46,3,1,1,2,1,0,1,1,0,0,1,0,0,0,Good
713,1,9,4,11,1,3,3,4,1,25,3,2,1,1,1,0,0,1,0,0,1,0,1,0,Good
714,2,60,2,140,1,4,3,2,4,27,3,1,1,2,1,1,0,1,0,0,1,0,0,0,Bad
715,4,30,4,76,5,5,3,4,3,63,3,2,1,1,1,0,1,1,0,0,1,0,0,1,Good
716,4,30,4,31,5,5,3,2,3,40,3,2,2,2,1,0,0,1,0,0,1,0,0,1,Good
717,4,18,2,15,1,3,3,2,4,32,3,1,1,2,1,0,0,1,0,0,0,0,0,0,Good
718,3,24,4,31,5,3,3,2,3,31,3,2,1,2,1,0,0,1,0,0,1,0,0,1,Good
719,2,20,0,61,2,5,4,4,3,31,1,2,1,2,1,0,1,1,0,0,1,0,0,1,Good
720,3,9,0,13,1,2,3,2,3,34,3,2,1,2,1,0,0,1,0,0,1,0,0,0,Bad
721,2,6,1,4,4,2,2,2,2,24,1,1,2,1,1,0,0,1,0,1,0,0,0,1,Bad
722,1,12,2,12,1,3,2,2,1,24,3,1,1,1,1,1,0,1,0,0,1,0,1,0,Bad
723,2,9,2,8,3,3,2,3,1,66,3,1,1,1,1,0,0,1,0,0,1,0,1,0,Good
724,4,27,2,26,1,3,2,3,1,21,3,1,1,1,1,1,0,1,0,1,0,0,0,1,Bad
725,4,6,4,2,4,3,2,2,1,41,1,2,1,1,1,1,0,1,0,0,1,0,1,0,Good
726,4,15,4,13,3,3,4,2,2,47,3,2,1,1,1,0,0,1,0,0,1,0,1,0,Good
727,1,18,2,19,1,3,2,4,3,25,1,2,1,1,1,0,0,1,0,1,0,0,0,1,Bad
728,2,48,1,64,1,5,2,3,4,59,3,1,1,1,1,0,0,1,0,1,0,0,0,1,Bad
729,3,24,4,13,4,3,1,4,1,36,3,2,1,2,1,0,0,1,0,0,1,0,0,1,Good
730,2,24,3,64,1,2,3,2,3,33,3,1,1,1,1,0,0,1,0,0,1,0,0,1,Good
731,1,24,2,20,1,3,3,4,1,21,3,1,2,1,1,0,0,1,0,1,0,0,1,0,Bad
732,2,8,2,8,1,4,2,2,1,44,3,1,1,1,1,0,0,0,0,0,1,0,1,0,Good
733,4,24,2,26,4,3,2,4,3,28,3,1,1,2,1,0,1,1,0,1,0,0,0,1,Good
734,4,4,4,34,1,4,2,1,1,37,3,1,2,1,1,1,0,1,0,0,1,0,0,1,Good
735,2,36,1,40,5,2,2,2,4,29,1,1,1,1,1,0,0,1,0,0,1,1,0,0,Good
736,2,24,2,116,1,3,2,4,3,23,3,2,1,1,1,0,1,1,0,1,0,0,0,0,Bad
737,1,18,2,44,2,3,3,4,3,35,3,1,2,2,1,1,0,1,0,0,1,0,1,0,Good
738,4,6,4,68,1,4,3,3,4,45,3,2,2,2,1,1,0,1,0,0,1,0,0,0,Good
739,2,30,0,43,2,3,2,4,3,26,3,2,1,1,1,0,0,1,0,1,0,0,1,0,Bad
740,1,24,1,23,2,4,3,3,3,32,1,1,1,1,1,1,0,1,0,0,1,0,0,1,Good
741,2,10,1,10,1,3,3,4,1,23,2,1,1,1,1,0,0,1,0,0,1,0,1,0,Good
742,4,21,2,32,5,5,3,3,2,41,3,1,1,2,1,0,0,1,0,0,1,0,0,1,Good
743,1,24,1,25,3,3,3,4,1,22,2,1,1,2,1,0,0,1,0,0,1,0,0,1,Good
744,1,39,4,142,5,4,3,4,2,30,3,2,1,2,1,0,0,1,0,0,1,0,0,0,Good
745,1,13,4,18,1,2,3,1,2,28,1,2,1,1,1,0,0,1,0,0,1,0,1,0,Good
746,1,15,2,25,1,1,2,4,3,23,3,1,1,1,1,1,0,1,0,1,0,0,0,1,Good
747,1,12,2,13,1,2,2,1,1,37,3,1,1,1,1,1,0,1,0,0,1,0,1,0,Bad
748,4,21,2,52,5,3,3,3,3,26,3,1,1,1,1,0,1,1,0,0,1,0,0,1,Good
749,4,15,2,30,1,4,3,2,3,33,3,1,1,1,1,0,1,1,0,0,1,0,0,1,Good
750,1,6,2,4,1,5,2,1,2,49,1,1,1,2,1,0,0,1,0,0,1,0,0,1,Good
751,1,18,2,10,1,2,2,2,3,23,3,1,1,1,1,1,0,1,0,0,1,0,1,0,Bad
752,2,12,2,8,2,4,2,4,1,23,3,1,1,1,1,0,0,1,0,1,0,0,1,0,Good
753,4,30,4,58,1,4,2,2,3,25,3,2,1,1,1,0,0,1,0,0,1,0,0,1,Good
754,4,12,3,16,4,5,3,4,4,55,3,2,2,1,1,0,0,1,0,0,0,0,0,1,Bad
755,1,24,2,13,5,4,2,4,4,32,3,1,1,1,1,1,0,1,0,1,0,0,0,1,Bad
756,3,6,4,13,1,3,3,1,1,74,3,3,2,1,2,1,0,1,0,0,1,1,0,0,Good
757,3,15,4,13,5,3,3,4,4,39,3,2,1,2,1,0,0,1,0,0,0,0,0,1,Bad
758,4,24,2,14,1,3,3,2,1,31,3,1,1,2,1,1,0,0,0,0,1,0,0,1,Good
759,1,12,4,7,1,5,3,3,2,35,3,2,1,1,1,1,0,1,0,0,1,0,0,1,Bad
760,4,15,4,50,5,5,2,4,3,59,3,1,1,2,1,1,0,1,0,0,1,0,0,1,Good
761,1,18,4,21,1,3,2,4,1,24,3,2,1,1,1,0,0,1,0,1,0,0,0,1,Bad
762,1,12,2,22,1,3,3,3,2,24,3,1,1,1,1,0,0,1,0,0,1,0,1,0,Good
763,4,21,4,127,5,5,3,4,4,30,3,1,1,2,1,1,0,1,0,0,0,0,0,0,Bad
764,4,24,4,25,2,4,4,3,2,27,3,2,1,2,1,1,0,1,0,0,1,0,0,1,Good
765,2,12,2,12,1,5,4,3,1,40,1,2,1,1,1,0,0,0,0,0,1,0,1,0,Good
766,1,30,2,31,1,2,1,4,2,31,3,1,1,1,1,0,0,1,0,0,1,0,1,0,Bad
767,4,10,2,29,5,2,2,4,1,31,3,1,1,1,1,0,1,1,0,1,0,0,0,1,Good
768,2,12,4,36,1,5,3,4,3,28,3,3,1,2,1,0,0,1,0,1,0,0,0,1,Good
769,4,12,4,17,1,5,3,4,1,63,3,2,1,2,1,0,0,1,0,0,1,0,1,0,Good
770,1,24,2,28,5,5,2,4,1,26,3,1,1,1,1,0,1,1,0,1,0,0,0,1,Good
771,1,36,4,81,1,3,2,2,4,25,3,2,1,2,1,0,0,1,0,0,1,0,0,0,Bad
772,4,21,4,33,1,5,3,4,3,36,3,1,1,2,1,0,1,1,0,0,1,0,0,0,Good
773,4,24,4,22,2,5,3,4,2,52,1,2,1,1,1,0,0,1,0,0,1,0,0,1,Good
774,3,12,4,15,3,1,3,4,4,66,1,3,1,1,1,1,0,1,0,0,0,1,0,0,Good
775,1,24,2,14,5,3,2,4,1,25,3,1,1,1,1,1,0,1,0,1,0,0,0,1,Bad
776,4,36,4,35,1,4,3,4,3,37,3,2,1,2,1,1,0,1,0,0,1,0,0,1,Good
777,1,18,2,35,1,4,2,1,1,25,3,1,1,1,1,0,0,0,0,0,1,0,0,1,Good
778,4,36,4,57,4,5,3,2,3,38,3,2,1,2,1,0,1,1,0,0,1,0,0,0,Good
779,2,18,2,39,1,1,2,4,3,67,3,1,1,2,1,0,0,1,0,0,1,0,0,1,Good
780,2,39,4,49,1,4,3,2,1,25,3,2,1,1,1,0,0,0,0,0,1,0,0,1,Bad
781,4,24,4,19,4,5,3,4,1,60,3,1,1,2,1,1,0,1,0,0,1,0,0,1,Good
782,2,12,0,14,1,3,3,2,1,31,3,1,1,2,1,0,0,1,0,0,1,0,1,0,Good
783,2,12,2,8,2,2,2,2,2,23,1,1,1,1,1,1,0,1,0,0,1,0,1,0,Bad
784,2,20,2,65,5,1,1,4,1,60,3,1,1,2,1,0,1,1,0,0,1,0,0,0,Good
785,2,18,2,19,4,3,3,2,2,35,3,1,1,2,1,0,0,1,0,0,1,0,1,0,Good
786,4,22,2,27,3,5,3,4,3,40,3,1,1,1,1,0,0,1,0,0,1,0,0,1,Good
787,4,48,4,28,5,5,3,3,3,38,3,2,2,2,1,0,1,1,0,0,1,0,0,1,Good
788,2,48,3,62,1,5,3,4,4,50,3,1,1,1,1,0,0,1,0,0,0,0,0,1,Bad
789,1,40,4,60,1,3,3,3,4,27,1,1,1,2,1,0,0,1,0,0,1,0,0,1,Bad
790,2,21,2,12,1,5,2,4,2,39,3,1,2,1,1,0,0,1,0,0,1,0,0,1,Bad
791,4,24,2,63,5,5,3,4,3,41,3,1,2,2,1,0,1,1,0,0,1,0,0,0,Good
792,4,6,4,12,5,3,4,2,2,27,3,2,1,1,1,0,0,1,0,0,1,0,0,1,Good
793,3,24,2,29,1,5,1,4,4,51,3,1,1,1,1,0,0,1,0,0,0,0,0,1,Good
794,4,24,2,31,3,5,3,3,4,32,3,1,1,2,1,0,0,1,0,1,0,0,0,1,Good
795,4,9,2,23,2,2,2,4,2,22,3,1,1,1,1,0,0,1,0,1,0,0,0,1,Good
796,1,18,2,75,5,5,3,4,2,51,3,1,2,2,1,0,1,1,0,0,0,0,0,1,Bad
797,4,12,4,13,1,2,2,4,2,22,3,2,1,1,1,0,0,1,0,1,0,0,1,0,Good
798,4,24,3,7,5,5,4,4,3,54,3,2,1,2,1,1,0,1,0,0,1,0,0,1,Good
799,2,9,2,15,5,2,3,2,1,35,3,1,1,1,1,1,0,1,0,0,1,1,0,0,Good
800,4,24,4,16,1,5,3,4,4,54,3,2,2,1,1,0,0,1,0,0,0,0,0,1,Good
801,2,18,4,18,1,5,2,4,1,48,1,2,1,2,1,0,0,0,0,1,0,0,1,0,Good
802,1,20,4,43,1,5,2,4,2,24,3,2,1,1,1,0,0,1,0,0,1,0,0,1,Good
803,4,12,4,10,5,5,3,4,3,35,3,2,1,1,1,0,0,1,0,0,1,0,0,1,Good
804,2,12,2,75,5,1,2,2,1,24,3,1,1,1,1,1,0,1,0,1,0,1,0,0,Good
805,1,36,2,93,1,4,3,1,3,24,3,1,1,2,1,1,0,1,0,0,1,0,0,1,Bad
806,2,6,2,6,1,2,4,3,1,26,3,1,1,1,2,0,0,1,0,0,1,0,1,0,Good
807,4,12,4,9,5,5,3,4,1,65,3,4,1,1,1,0,0,1,0,0,1,0,0,1,Good
808,2,42,1,93,1,1,3,2,4,55,1,1,1,2,1,0,1,1,0,0,0,0,0,0,Good
809,2,15,0,18,1,2,2,1,1,26,3,2,1,1,1,1,0,1,0,1,0,1,0,0,Bad
810,2,8,2,9,1,2,4,2,1,26,3,1,1,2,1,0,0,1,0,0,1,0,0,1,Good
811,2,6,2,5,1,4,4,3,1,28,1,1,1,1,1,0,0,0,0,0,1,0,1,0,Good
812,1,36,4,96,1,4,3,4,3,24,3,2,1,2,1,0,1,1,0,0,1,0,0,1,Bad
813,1,48,2,31,1,3,3,4,3,54,3,1,1,1,1,0,0,1,0,0,1,0,0,1,Bad
814,1,48,2,39,1,4,3,4,4,46,3,1,2,1,1,1,0,1,0,0,0,0,0,1,Bad
815,2,36,3,74,1,3,2,2,2,54,3,1,1,1,1,1,0,1,0,1,0,0,0,1,Good
816,4,6,2,13,3,3,1,4,1,62,3,1,1,1,1,0,0,1,0,0,1,0,0,1,Good
817,4,6,4,16,1,4,2,2,3,24,3,2,1,2,1,0,0,1,0,1,0,0,0,1,Good
818,1,36,2,159,1,1,1,3,3,43,3,1,1,1,1,0,0,0,1,0,1,0,0,0,Good
819,1,18,2,13,1,3,4,3,1,26,1,1,1,1,1,0,0,1,0,0,1,0,0,1,Bad
820,4,12,2,11,1,3,4,2,1,27,3,2,1,2,1,1,0,1,0,0,1,0,0,1,Good
821,3,12,2,30,1,3,4,1,3,24,3,1,1,1,1,0,0,1,0,0,1,0,0,1,Good
822,1,36,2,27,1,5,3,2,2,41,1,1,2,1,1,0,0,1,0,0,1,0,0,1,Bad
823,1,8,4,7,1,5,3,4,1,47,3,2,1,1,1,1,0,1,0,0,1,0,1,0,Good
824,4,18,4,38,1,2,1,2,3,35,3,2,1,2,1,0,0,1,0,0,1,0,0,0,Good
825,1,21,4,16,1,5,4,3,3,30,3,2,1,2,1,1,0,1,0,0,1,0,0,1,Good
826,1,18,4,40,1,5,2,4,1,33,1,3,1,2,1,1,0,1,0,1,0,0,0,1,Bad
827,4,18,0,42,1,3,3,2,3,36,2,2,2,1,1,0,0,1,0,0,1,0,0,1,Bad
828,1,36,2,83,5,5,3,4,4,47,3,1,1,1,1,0,1,1,0,0,0,0,0,1,Bad
829,2,48,3,67,5,3,3,4,4,38,3,1,2,2,1,0,0,1,0,0,0,0,0,1,Good
830,4,24,3,24,3,3,3,2,3,44,3,2,2,2,1,0,0,1,0,0,1,0,0,1,Good
831,1,18,2,12,1,2,2,3,3,23,3,1,1,2,1,1,0,1,0,1,0,0,0,1,Bad
832,1,45,0,118,1,5,3,4,3,29,3,2,1,1,1,0,0,1,0,1,0,0,0,1,Bad
833,2,24,2,51,5,5,2,4,3,42,3,1,1,2,1,0,0,1,0,0,1,0,0,1,Good
834,3,15,2,23,1,2,2,3,1,25,3,1,1,1,1,0,0,1,0,0,1,0,1,0,Bad
835,1,12,0,11,1,3,3,4,3,48,1,2,1,1,1,1,0,1,0,0,1,0,0,1,Bad
836,4,12,2,9,5,3,2,2,3,21,3,1,1,1,1,0,0,1,0,0,1,0,0,1,Good
837,4,4,2,6,1,2,2,3,1,23,3,1,2,1,1,0,0,1,0,1,0,0,1,0,Good
838,1,24,4,30,1,5,3,4,2,63,3,2,1,2,1,0,1,1,0,0,1,0,0,1,Good
839,4,24,4,26,1,5,4,3,1,46,3,2,1,1,1,0,0,0,1,0,1,0,0,1,Good
840,1,36,2,52,1,4,3,2,2,29,3,1,1,1,1,0,0,1,0,0,1,0,0,1,Bad
841,4,21,3,30,1,3,3,2,1,28,2,2,1,1,1,0,1,1,0,0,1,0,1,0,Good
842,4,18,2,19,1,2,2,4,1,23,3,1,1,1,1,0,0,1,0,0,1,0,0,1,Bad
843,4,24,1,16,1,4,3,4,3,50,1,1,1,2,1,0,0,1,0,0,1,0,0,1,Good
844,4,18,2,34,1,5,3,4,2,47,1,3,2,2,1,0,0,1,0,0,1,0,0,1,Good
845,2,21,2,40,5,4,3,3,3,35,3,1,1,2,1,0,0,1,0,0,1,0,0,1,Good
846,4,18,2,68,5,3,3,4,3,68,3,2,1,1,1,1,0,1,0,1,0,0,0,1,Bad
847,4,24,2,12,1,2,4,2,1,28,3,1,1,1,1,1,0,1,0,0,1,0,0,1,Good
848,1,9,2,14,1,4,3,4,1,59,3,1,1,1,1,0,0,1,0,0,1,0,0,1,Good
849,1,12,2,7,1,5,3,4,1,57,2,1,1,1,1,0,0,1,0,0,1,0,1,0,Bad
850,1,20,4,22,1,3,4,2,2,33,1,2,1,1,2,1,0,0,0,1,0,0,0,1,Bad
851,4,24,4,40,5,4,3,4,2,43,3,2,1,2,1,0,1,1,0,0,1,0,0,1,Good
852,4,15,4,15,1,3,3,4,4,35,3,2,1,2,1,0,0,1,0,0,0,0,0,1,Good
853,1,18,1,14,1,4,3,4,4,32,3,2,2,1,1,1,0,1,0,0,0,0,1,0,Bad
854,4,36,3,109,1,5,3,2,3,45,3,2,2,2,1,1,0,1,0,0,1,0,0,1,Good
855,4,24,2,15,2,2,4,3,1,33,3,1,1,2,1,1,0,1,0,0,1,0,0,1,Good
856,4,10,2,9,5,4,2,3,2,40,3,1,1,2,1,0,0,1,0,0,1,0,0,1,Good
857,4,15,4,33,1,3,3,2,4,28,3,1,1,2,1,0,0,1,0,0,0,0,0,1,Good
858,1,15,2,40,1,3,2,2,2,29,3,1,1,2,1,1,0,1,0,0,1,0,0,1,Bad
859,4,9,2,36,2,3,3,2,1,26,3,1,2,1,2,1,0,0,0,1,0,0,0,1,Good
860,4,24,4,58,4,3,3,2,1,27,3,2,1,1,1,0,1,1,0,0,1,0,0,1,Good
861,4,18,3,22,1,3,4,2,3,28,3,1,1,2,1,0,0,1,0,0,1,0,0,1,Bad
862,1,24,2,24,1,2,2,4,1,35,3,1,1,2,1,0,0,1,0,0,1,0,0,1,Bad
863,4,27,4,45,4,2,3,2,1,32,2,2,2,2,1,0,0,1,0,0,1,0,1,0,Good
864,4,10,2,22,1,3,3,2,1,25,1,1,1,1,1,0,0,1,0,1,0,0,1,0,Bad
865,4,15,2,22,3,3,2,4,3,20,3,1,1,1,1,0,0,1,0,1,0,0,0,1,Good
866,1,18,2,24,1,2,2,1,3,27,2,1,1,1,1,0,0,1,0,0,1,0,0,1,Good
867,4,12,4,33,1,5,3,4,2,42,2,1,1,1,1,0,0,1,0,0,1,0,0,1,Good
868,4,36,2,74,5,5,3,2,2,37,3,2,1,1,1,0,0,1,0,0,1,0,0,1,Good
869,1,12,2,7,1,5,2,4,2,24,3,1,1,1,1,0,0,1,0,1,0,0,0,1,Good
870,4,36,3,77,3,4,2,4,3,40,3,2,1,2,1,0,0,1,0,0,1,0,0,1,Good
871,3,6,4,13,1,5,3,4,1,46,3,2,2,1,2,1,0,1,0,0,1,0,0,1,Good
872,1,24,4,14,2,4,3,1,1,26,3,2,1,2,1,0,0,1,0,0,1,0,0,1,Good
873,4,15,2,9,5,2,2,1,1,24,3,1,1,1,1,0,0,1,0,0,1,0,0,1,Good
874,1,12,2,36,1,3,3,2,2,29,3,1,2,1,1,0,0,0,1,0,1,0,1,0,Good
875,2,11,4,13,4,3,2,4,3,40,3,2,1,1,1,1,0,1,0,0,1,0,0,1,Good
876,1,18,1,19,1,2,3,4,4,36,1,1,1,2,1,0,0,0,1,0,0,0,0,0,Good
877,4,36,2,36,1,5,3,2,3,28,3,1,1,1,1,0,0,1,0,0,1,0,0,1,Good
878,1,9,2,14,1,2,3,2,4,27,3,1,1,2,1,1,0,1,0,0,0,0,0,0,Bad
879,4,30,4,67,5,4,3,3,2,36,3,2,1,1,1,0,0,1,0,0,1,0,0,1,Good
880,4,24,2,78,1,4,3,3,3,38,3,1,1,2,1,0,1,1,0,0,1,0,0,0,Good
881,4,24,2,93,5,3,1,4,4,48,3,1,1,2,1,0,1,1,0,0,0,0,0,1,Good
882,2,30,4,22,5,5,3,4,1,36,3,2,1,1,1,1,0,1,0,0,1,0,0,1,Good
883,4,18,4,11,1,1,2,4,3,65,3,2,1,1,1,0,0,1,0,0,1,1,0,0,Good
884,2,24,2,41,1,4,1,3,3,43,3,1,1,2,1,0,0,1,0,0,1,0,0,1,Bad
885,1,12,2,8,1,2,2,4,2,53,3,1,1,1,1,0,0,1,0,0,1,0,0,1,Bad
886,2,24,4,28,5,4,3,3,4,34,3,2,2,2,1,0,0,1,0,0,1,0,0,1,Good
887,2,48,2,157,1,3,3,2,3,23,3,1,1,2,1,0,0,1,0,0,1,0,0,1,Bad
888,4,36,4,66,1,5,3,4,3,34,3,2,1,2,1,1,0,1,0,0,1,0,0,0,Good
889,4,28,1,78,5,2,3,4,1,40,1,2,2,2,1,0,1,0,0,1,0,0,0,1,Good
890,1,27,4,24,1,5,3,4,3,43,2,4,2,2,1,0,0,1,0,0,1,0,0,0,Good
891,4,15,4,18,1,5,3,4,3,46,3,2,1,2,1,0,0,1,0,0,1,0,0,1,Good
892,1,12,4,22,1,3,3,4,2,38,1,2,1,1,2,1,0,1,0,0,1,0,1,0,Good
893,2,36,4,58,1,3,3,4,3,34,3,2,1,2,1,0,1,1,0,0,1,0,0,1,Good
894,4,18,4,12,5,3,3,3,2,29,3,2,1,2,1,0,0,1,0,0,1,0,0,1,Good
895,4,36,3,89,5,4,3,2,3,31,2,1,2,2,1,0,1,1,0,0,1,0,0,0,Good
896,1,21,2,26,1,2,2,4,2,28,3,1,1,2,1,0,0,1,0,1,0,0,0,0,Good
897,4,12,4,16,4,4,2,2,2,35,3,1,1,1,2,0,0,1,0,0,1,0,0,1,Good
898,4,15,2,22,5,4,2,4,1,33,1,1,1,1,1,0,0,1,0,1,0,0,1,0,Good
899,1,18,2,42,1,3,3,3,3,42,3,1,1,1,1,0,0,0,1,0,1,0,0,1,Bad
900,1,16,4,26,1,5,3,4,2,43,1,1,1,2,1,1,0,0,0,1,0,0,0,1,Bad
901,4,20,4,35,5,2,1,4,1,44,3,2,1,2,1,1,0,1,0,0,1,0,0,1,Good
902,4,36,4,105,5,5,3,4,4,42,3,2,1,1,1,0,1,1,0,0,0,0,0,1,Good
903,4,15,2,14,5,3,4,2,1,40,3,1,1,2,1,0,0,1,0,1,0,0,0,1,Good
904,4,24,2,13,1,5,3,1,1,36,3,1,1,2,1,0,0,1,0,0,1,0,0,0,Good
905,1,12,2,11,1,3,3,2,1,20,3,1,2,2,1,0,0,1,0,1,0,0,0,0,Good
906,1,21,2,38,5,4,3,2,1,24,3,1,1,1,2,1,0,0,1,0,1,0,1,0,Good
907,2,36,2,37,5,3,4,2,3,27,3,1,1,1,1,0,0,1,0,0,1,0,0,1,Good
908,4,15,3,36,1,2,2,2,2,46,3,2,1,1,1,0,1,1,0,0,1,0,1,0,Good
909,2,9,2,32,5,3,2,2,1,33,3,1,1,1,1,1,0,1,0,0,1,0,1,0,Good
910,4,36,3,45,1,3,2,4,1,34,3,2,1,1,1,0,0,1,0,0,1,0,0,1,Good
911,2,24,4,47,1,2,2,4,3,25,1,1,1,1,1,0,0,1,0,0,1,0,1,0,Bad
912,2,30,2,30,5,5,2,4,3,25,3,1,1,1,1,0,0,1,0,0,1,0,0,1,Good
913,4,11,2,21,4,5,1,2,1,28,3,1,1,2,1,0,0,1,0,0,1,0,0,1,Good
914,1,24,1,32,1,3,3,2,2,31,3,1,1,2,1,0,0,1,0,1,0,0,0,1,Bad
915,2,48,0,184,1,3,2,2,2,32,1,1,1,2,2,0,0,1,0,0,1,0,0,0,Bad
916,4,10,2,28,2,3,3,2,1,32,3,1,2,1,1,0,1,0,1,0,1,0,0,1,Good
917,1,6,2,149,1,5,3,4,4,68,1,1,1,2,1,1,0,1,0,0,1,0,0,0,Bad
918,1,24,2,24,2,1,1,1,2,33,3,1,1,1,1,0,0,1,0,0,1,0,0,1,Bad
919,1,24,2,33,1,5,3,2,2,39,3,1,1,2,1,0,0,1,0,1,0,0,0,0,Bad
920,4,18,4,18,1,3,2,2,4,28,3,2,1,1,1,0,0,1,0,0,1,0,0,1,Good
921,4,48,3,127,3,4,3,1,3,37,3,1,1,2,1,0,0,1,0,0,1,0,0,0,Good
922,1,9,2,14,1,2,2,4,2,22,3,1,1,1,1,0,0,1,0,1,0,0,0,1,Bad
923,2,12,2,20,1,4,3,4,2,30,3,1,2,2,1,1,0,1,0,1,0,0,0,1,Good
924,1,24,1,69,1,2,1,1,2,55,1,1,1,2,1,0,0,1,0,0,1,0,0,1,Bad
925,1,12,1,7,1,2,3,2,3,46,1,2,1,2,1,1,0,1,0,0,1,0,0,1,Bad
926,1,18,4,10,1,2,2,4,2,21,3,1,1,1,1,0,0,1,0,1,0,0,0,1,Good
927,1,48,2,103,1,4,3,4,4,39,2,3,2,2,1,0,1,1,0,0,0,0,0,1,Bad
928,4,30,2,19,5,5,3,4,3,58,3,1,1,2,1,0,0,1,0,0,1,0,0,1,Good
929,1,12,3,13,1,3,3,2,1,43,3,2,2,1,1,1,0,1,0,0,1,0,1,0,Good
930,1,24,2,17,1,2,3,1,2,24,3,1,1,1,2,0,0,0,1,0,1,0,1,0,Good
931,2,9,2,17,1,2,2,2,3,22,3,1,1,2,1,0,0,1,0,0,1,0,0,1,Bad
932,4,9,4,12,1,3,3,1,1,30,3,2,1,1,1,1,0,1,0,0,1,0,0,1,Good
933,4,12,4,5,3,5,3,4,2,42,3,2,2,2,1,0,0,1,0,0,1,0,0,1,Good
934,1,12,2,15,1,3,2,1,3,23,1,1,1,1,1,0,0,1,0,0,1,0,0,1,Good
935,2,30,3,19,2,2,3,3,4,30,2,2,1,1,1,0,0,1,0,0,1,0,0,0,Bad
936,3,9,2,7,1,3,2,2,1,28,3,1,1,1,1,0,0,1,0,0,1,0,1,0,Bad
937,2,6,2,21,1,2,4,3,3,30,3,1,1,2,1,0,0,1,0,1,0,0,0,0,Good
938,2,60,2,63,1,3,3,4,4,42,3,1,1,1,1,0,0,1,0,0,0,0,0,1,Bad
939,4,24,4,68,5,3,3,4,2,46,3,2,2,2,1,0,1,1,0,0,1,0,0,0,Good
940,4,12,2,35,5,2,3,3,2,45,3,1,2,2,1,1,0,1,0,0,1,0,0,0,Good
941,4,10,2,15,1,3,3,2,1,31,3,1,2,1,2,1,0,1,0,0,1,0,1,0,Good
942,4,24,2,9,5,4,3,2,3,31,2,1,1,2,1,0,0,1,0,0,1,0,0,1,Good
943,4,4,4,15,1,4,3,1,1,42,3,3,2,1,1,1,0,1,0,0,1,0,1,0,Good
944,1,15,2,18,1,2,2,1,2,46,3,1,1,1,1,0,0,0,0,1,0,0,0,1,Good
945,2,48,0,84,3,2,2,1,3,30,3,2,1,1,1,1,0,1,0,0,1,0,0,1,Good
946,1,24,1,33,3,2,3,4,4,30,3,1,2,2,1,0,0,1,0,0,0,0,0,1,Bad
947,4,12,2,29,5,1,3,4,4,38,3,1,1,2,1,1,0,1,0,0,1,0,0,0,Good
948,4,18,2,15,1,2,4,1,2,43,3,1,2,1,1,0,0,0,1,0,1,0,1,0,Bad
949,4,24,2,36,2,5,3,4,3,31,3,2,1,1,1,0,0,1,0,0,1,0,0,1,Bad
950,2,18,4,36,1,1,4,3,3,40,3,3,2,2,1,0,0,1,0,0,1,1,0,0,Good
951,1,36,3,21,1,4,3,1,3,24,3,2,1,2,1,0,0,1,0,0,1,0,0,1,Bad
952,2,24,2,41,3,2,2,4,3,28,3,1,1,1,1,0,1,1,0,1,0,0,0,1,Bad
953,4,36,2,110,1,1,2,2,3,26,3,2,1,2,1,0,0,1,0,0,1,0,0,0,Bad
954,1,12,2,19,1,3,2,4,2,29,3,1,1,2,1,1,0,0,0,0,1,0,0,1,Good
955,1,24,4,12,4,5,2,4,2,57,3,2,1,2,1,0,0,1,0,1,0,0,0,0,Good
956,3,30,4,37,5,5,3,4,2,49,2,2,1,1,1,0,0,1,0,0,1,0,1,0,Good
957,2,9,4,12,1,5,3,4,1,37,3,3,1,1,1,0,0,1,0,0,1,0,1,0,Good
958,1,28,2,40,1,3,3,2,3,45,3,1,1,1,1,1,0,1,0,0,1,0,1,0,Bad
959,2,24,2,31,2,5,3,4,4,30,3,1,1,1,1,0,0,1,0,0,0,0,0,1,Good
960,4,6,4,17,1,5,4,2,1,30,3,2,1,1,1,0,0,1,0,1,0,0,0,1,Good
961,2,21,3,24,1,3,1,4,2,47,3,2,1,1,1,1,0,1,0,0,1,0,0,1,Good
962,4,15,2,36,5,3,3,2,4,29,3,1,1,1,1,1,0,1,0,0,1,0,0,1,Good
963,4,24,2,24,3,5,3,2,3,35,1,2,1,2,1,0,0,1,0,0,1,0,0,1,Bad
964,2,6,2,5,1,2,4,1,2,22,3,1,1,1,1,0,0,1,0,0,1,0,1,0,Good
965,2,30,2,17,5,3,2,1,3,26,3,1,1,1,1,0,0,1,0,0,1,0,0,1,Good
966,2,27,4,25,3,3,3,2,2,23,3,2,1,1,1,0,0,1,0,0,1,0,1,0,Bad
967,4,15,2,36,1,5,2,2,3,54,1,1,1,2,1,0,0,1,0,1,0,0,0,0,Good
968,4,42,2,72,5,4,4,4,2,29,3,1,1,2,1,0,0,1,0,1,0,0,0,1,Good
969,1,11,4,39,1,3,3,2,1,40,3,2,2,1,1,1,0,1,0,0,1,0,1,0,Good
970,2,15,2,15,2,3,3,2,1,22,3,1,1,1,1,0,0,0,0,0,1,0,0,1,Good
971,4,24,2,74,1,3,3,4,2,43,3,1,2,1,1,1,0,1,0,0,1,0,1,0,Good
972,1,24,1,12,1,1,2,4,4,29,3,2,1,1,1,1,0,0,1,1,0,1,0,0,Bad
973,1,60,2,73,1,5,3,4,4,36,3,1,1,1,1,0,0,0,1,1,0,0,0,1,Bad
974,4,30,4,28,1,3,2,2,3,33,3,1,1,2,1,0,0,1,0,0,1,0,0,1,Good
975,3,24,2,13,3,3,2,3,3,57,3,1,1,1,1,0,0,1,0,0,1,0,1,0,Good
976,2,6,2,8,1,3,2,3,1,64,3,1,1,1,1,0,0,0,0,0,1,0,0,1,Good
977,2,18,3,24,5,5,3,2,2,42,3,2,1,1,1,0,0,1,0,0,1,0,0,1,Good
978,4,24,3,25,1,5,3,4,3,47,3,2,2,1,1,1,0,1,0,0,1,0,1,0,Bad
979,2,15,1,13,2,3,4,2,2,25,3,1,1,1,1,1,0,1,0,1,0,0,0,1,Bad
980,2,30,4,84,1,4,3,2,2,49,3,1,1,1,1,0,0,1,0,0,1,0,0,1,Bad
981,4,48,2,48,1,1,3,2,3,33,1,1,1,2,1,0,0,1,0,1,0,0,0,0,Bad
982,3,21,2,29,2,3,2,1,3,28,1,1,1,2,1,1,0,1,0,0,1,0,0,0,Good
983,1,36,2,82,1,3,3,2,2,26,3,1,2,1,1,0,1,1,0,0,1,0,0,1,Bad
984,4,24,4,20,1,4,3,2,2,30,3,2,1,1,1,0,0,1,0,0,1,0,1,0,Good
985,1,15,4,14,1,3,2,3,2,25,3,2,1,1,1,0,0,1,0,1,0,0,0,1,Good
986,3,42,0,63,1,2,1,1,2,33,3,2,1,1,1,0,0,1,0,0,1,0,0,1,Good
987,4,13,2,14,2,1,2,4,1,64,3,1,1,1,1,0,0,1,0,0,1,0,0,1,Good
988,1,24,2,66,1,1,3,2,4,29,3,1,1,2,1,0,1,1,0,0,0,0,0,0,Good
989,2,24,4,17,1,5,3,2,2,48,3,2,1,1,1,0,0,1,0,0,1,0,1,0,Good
990,4,12,4,36,5,2,3,1,2,37,3,2,2,1,1,0,0,1,0,0,1,0,1,0,Good
991,4,15,1,16,2,5,3,4,3,34,1,1,2,1,1,0,0,1,0,0,1,0,1,0,Good
992,1,18,2,19,5,4,4,4,3,23,3,2,1,1,1,0,0,1,0,1,0,0,1,0,Good
993,1,36,2,40,1,1,3,3,2,30,3,1,1,2,1,0,0,1,0,0,1,0,0,0,Good
994,4,12,2,24,5,5,3,3,3,50,3,1,1,2,1,1,0,1,0,0,1,0,0,1,Good
995,4,12,2,17,1,4,2,4,1,31,3,1,1,1,1,0,0,1,0,0,1,0,1,0,Good
996,1,30,2,39,1,3,1,4,2,40,3,1,1,2,1,0,1,1,0,0,1,0,0,0,Good
997,4,12,2,8,1,5,3,4,3,38,3,1,1,1,1,0,0,1,0,0,1,0,0,1,Good
998,1,45,2,18,1,3,3,4,4,23,3,1,1,2,1,0,0,1,0,0,0,0,0,1,Bad
999,2,45,4,46,2,1,3,4,3,27,3,1,1,1,1,0,1,1,0,0,1,0,0,1,Good
